product_id,product_name,category,brand,cost_price,selling_price,supplier_name,launch_date,is_active,created_at,updated_at
1,Adidas Groceries Product 1,Groceries,Adidas,32007.4,35448.3,Supplier B,2024-10-04,True,2024-10-20 11:47:24.767313,2025-04-15 07:13:12.922336
2,Apple Sports Product 2,Sports,Apple,5214.51,6894.63,Supplier E,2022-09-04,True,2025-07-16 01:25:13.204361,2026-03-26 08:28:08.785470
3,Puma Sports Product 3,Sports,Puma,1586.88,1849.65,Supplier A,2026-01-09,True,2026-01-26 03:48:42.878514,2026-04-12 04:37:07.855627
4,Adidas Home & Kitchen Product 4,Home & Kitchen,Adidas,35829.38,46950.73,Supplier D,2021-09-16,True,2022-10-08 17:24:26.062152,2024-09-07 23:11:45.964246
5,Nike Books Product 5,Books,Nike,40490.58,44618.58,Supplier D,2021-09-10,True,2022-08-29 19:19:19.975831,2025-03-13 06:07:45.321989
6,Apple Groceries Product 6,Groceries,Apple,7858.43,10900.93,Supplier A,2024-04-14,True,2024-10-14 11:41:54.027059,2025-10-31 20:23:35.031770
7,Samsung Groceries Product 7,Groceries,Samsung,18013.07,21673.09,Supplier D,2025-08-10,True,2025-08-12 06:29:26.893533,2026-05-18 23:12:53.018247
8,Sony Sports Product 8,Sports,Sony,48658.48,59050.0,Supplier E,2025-01-19,True,2025-07-25 22:37:59.651054,2025-09-20 14:28:58.093412
9,Samsung Electronics Product 9,Electronics,Samsung,18145.59,21006.91,Supplier B,2026-05-07,True,2026-06-02 17:08:43.715499,2026-06-07 14:20:38.588125
10,Apple Books Product 10,Books,Apple,49262.55,66829.34,Supplier D,2022-01-16,True,2025-11-15 12:34:30.696261,2026-04-16 13:37:52.706431
11,LG Groceries Product 11,Groceries,LG,31820.65,38485.47,Supplier B,2025-08-06,True,2026-04-20 20:42:35.071198,2026-06-11 01:47:35.574797
12,Puma Electronics Product 12,Electronics,Puma,35120.83,45834.94,Supplier B,2026-06-05,True,2026-06-24 01:34:21.235679,2026-07-11 08:16:51.276069
13,HP Groceries Product 13,Groceries,HP,12316.07,15255.65,Supplier B,2025-09-16,True,2026-03-28 04:55:09.203327,2026-07-08 21:17:55.296753
14,Samsung Clothing Product 14,Clothing,Samsung,42158.31,56188.59,Supplier C,2024-06-12,True,2025-12-08 21:25:02.384568,2025-12-19 08:41:23.581752
15,LG Sports Product 15,Sports,LG,3402.81,4675.26,Supplier B,2022-09-13,True,2023-10-26 10:22:50.787381,2024-01-14 11:00:25.029855
16,Nike Home & Kitchen Product 16,Home & Kitchen,Nike,19842.03,27270.18,Supplier C,2022-09-22,True,2023-02-10 15:23:05.875690,2024-01-27 02:08:51.439971
17,Puma Beauty Product 17,Beauty,Puma,37274.95,47029.55,Supplier D,2024-09-27,True,2025-05-28 02:41:17.788262,2025-10-31 19:01:40.673595
18,HP Clothing Product 18,Clothing,HP,20030.09,23351.0,Supplier D,2022-08-10,True,2023-08-30 21:08:25.518546,2026-05-19 06:04:29.754311
19,Nike Beauty Product 19,Beauty,Nike,2451.11,2776.85,Supplier D,2024-10-19,True,2025-11-15 12:05:22.253442,2025-12-28 14:34:23.277893
20,HP Home & Kitchen Product 20,Home & Kitchen,HP,19299.89,24680.05,Supplier C,2025-03-17,False,2025-06-05 22:39:34.771018,2025-11-10 04:46:36.528762
21,Apple Beauty Product 21,Beauty,Apple,43052.91,47506.49,Supplier E,2026-07-05,True,2026-07-18 00:49:56.057420,2026-07-22 02:50:15.865385
22,Boat Groceries Product 22,Groceries,Boat,38453.08,46222.63,Supplier B,2024-12-25,True,2026-04-25 15:13:51.441374,2026-07-05 01:01:29.082589
23,HP Groceries Product 23,Groceries,HP,47695.41,64997.2,Supplier B,2022-09-15,True,2022-10-30 05:47:03.652220,2024-01-03 13:24:24.037192
24,HP Books Product 24,Books,HP,5409.9,6965.73,Supplier E,2022-11-25,True,2023-09-03 08:56:16.222129,2026-05-26 01:54:43.882988
25,HP Books Product 25,Books,HP,18758.3,21543.25,Supplier A,2025-12-11,True,2026-02-20 05:34:55.796243,2026-06-01 21:55:24.173444
26,Sony Groceries Product 26,Groceries,Sony,24481.42,27751.17,Supplier B,2023-07-16,True,2026-04-21 21:51:02.184447,2026-06-04 06:02:41.146003
27,Lenovo Electronics Product 27,Electronics,Lenovo,43912.68,60778.87,Supplier A,2022-11-19,False,2023-10-16 13:23:14.450136,2025-05-07 02:47:40.169357
28,Lenovo Beauty Product 28,Beauty,Lenovo,26682.04,30356.91,Supplier E,2022-11-16,True,2025-01-11 15:38:26.064350,2026-05-29 04:14:20.409536
29,HP Clothing Product 29,Clothing,HP,26430.92,33883.86,Supplier B,2023-07-23,True,2024-03-19 21:28:14.843417,2026-07-23 06:07:34.129303
30,Lenovo Groceries Product 30,Groceries,Lenovo,20009.72,26042.77,Supplier E,2024-02-09,True,2024-04-30 13:53:52.362995,2024-06-08 00:23:04.961256
31,Puma Electronics Product 31,Electronics,Puma,12470.49,13957.07,Supplier E,2022-02-09,True,2024-11-26 02:02:05.676613,2026-03-21 07:23:45.868140
32,Samsung Beauty Product 32,Beauty,Samsung,11088.85,12433.9,Supplier B,2023-09-03,True,2023-11-09 02:36:18.949761,2024-11-20 15:05:05.020835
33,Adidas Sports Product 33,Sports,Adidas,1667.51,1999.56,Supplier C,2026-07-17,True,2026-07-21 10:14:47.236014,2026-07-25 06:03:57.224348
34,Puma Sports Product 34,Sports,Puma,10790.42,12297.77,Supplier D,2025-11-12,True,2025-11-14 22:21:53.617181,2026-05-15 20:48:41.826597
35,Apple Electronics Product 35,Electronics,Apple,23701.35,28965.85,Supplier D,2024-12-20,True,2025-10-28 17:07:37.964548,2026-01-08 15:55:56.946144
36,Apple Electronics Product 36,Electronics,Apple,20614.0,28017.54,Supplier A,2024-10-07,True,2024-12-19 05:15:32.911900,2025-08-29 18:02:02.651450
37,Adidas Clothing Product 37,Clothing,Adidas,17031.2,23136.92,Supplier B,2023-10-30,True,2026-06-09 05:05:05.237899,2026-07-19 15:16:51.211023
38,Adidas Home & Kitchen Product 38,Home & Kitchen,Adidas,7095.1,8195.17,Supplier A,2022-11-17,True,2024-09-20 23:20:21.234750,2025-01-19 02:19:37.166787
39,HP Electronics Product 39,Electronics,HP,43081.32,54502.07,Supplier A,2026-02-15,False,2026-07-04 14:27:08.478753,2026-07-10 19:10:54.071877
40,Boat Clothing Product 40,Clothing,Boat,46325.71,62753.21,Supplier D,2024-10-03,True,2025-11-09 03:26:50.731289,2025-12-18 14:38:46.221477
41,Boat Clothing Product 41,Clothing,Boat,43246.05,59278.78,Supplier A,2025-05-17,False,2026-01-06 06:55:07.726246,2026-06-11 01:47:27.745129
42,Sony Home & Kitchen Product 42,Home & Kitchen,Sony,13333.63,17803.35,Supplier D,2024-03-18,True,2024-03-18 11:47:42.876878,2024-12-21 21:37:32.174056
43,Lenovo Beauty Product 43,Beauty,Lenovo,36552.22,48797.52,Supplier B,2021-08-28,True,2026-03-20 06:50:59.540272,2026-07-09 22:54:29.684726
44,HP Beauty Product 44,Beauty,HP,10963.27,12251.95,Supplier A,2025-09-20,True,2025-12-23 19:51:02.556436,2026-01-05 04:42:50.895288
45,HP Sports Product 45,Sports,HP,2952.55,3765.25,Supplier B,2025-12-14,True,2026-07-13 12:24:25.604771,2026-07-14 12:45:58.460336
46,Puma Electronics Product 46,Electronics,Puma,25440.64,34482.31,Supplier A,2023-12-28,True,2024-03-02 02:02:36.690938,2025-12-27 19:49:42.101719
47,Adidas Sports Product 47,Sports,Adidas,11836.67,13446.05,Supplier E,2025-05-23,True,2025-07-16 23:58:01.342408,2026-01-10 10:53:35.710369
48,Puma Sports Product 48,Sports,Puma,31007.14,38007.54,Supplier E,2024-04-23,True,2024-11-27 05:43:52.249485,2026-05-09 04:08:12.308712
49,Adidas Groceries Product 49,Groceries,Adidas,13112.21,17057.91,Supplier C,2023-09-05,True,2024-04-15 07:30:40.848251,2025-07-07 11:55:39.713067
50,Apple Groceries Product 50,Groceries,Apple,33617.34,40004.61,Supplier A,2025-03-18,True,2025-06-25 10:37:02.095164,2025-10-26 13:07:16.964972
51,HP Electronics Product 51,Electronics,HP,49922.88,69833.57,Supplier B,2026-07-16,True,2026-07-22 02:05:34.614243,2026-07-23 12:34:28.782577
52,Adidas Electronics Product 52,Electronics,Adidas,6709.58,8083.05,Supplier C,2024-02-24,True,2024-06-09 18:28:54.200236,2024-12-01 01:04:10.385962
53,Puma Groceries Product 53,Groceries,Puma,21965.41,27741.55,Supplier E,2023-04-02,True,2025-03-14 01:39:45.459211,2025-07-06 17:38:10.880663
54,Apple Beauty Product 54,Beauty,Apple,40873.5,48631.85,Supplier B,2022-08-30,True,2022-12-09 04:35:17.952383,2025-03-23 21:10:26.929120
55,Sony Clothing Product 55,Clothing,Sony,44496.66,58856.84,Supplier C,2022-09-15,True,2026-03-14 01:39:04.892187,2026-07-06 15:45:11.607328
56,Sony Beauty Product 56,Beauty,Sony,35908.85,41693.02,Supplier E,2021-11-30,True,2023-01-08 05:15:33.958125,2025-05-22 23:24:07.775665
57,Boat Electronics Product 57,Electronics,Boat,45276.29,61296.45,Supplier C,2022-08-19,True,2023-02-25 01:09:35.900045,2026-05-05 23:55:32.451383
58,Nike Groceries Product 58,Groceries,Nike,16744.47,19076.07,Supplier D,2024-06-01,True,2025-06-06 17:56:16.075353,2026-04-27 06:44:49.687768
59,Nike Electronics Product 59,Electronics,Nike,21441.58,23647.94,Supplier E,2025-08-07,True,2025-10-13 02:15:31.210412,2025-11-09 17:53:58.187176
60,Nike Home & Kitchen Product 60,Home & Kitchen,Nike,18523.88,23446.74,Supplier A,2023-09-19,True,2024-12-02 16:15:00.568012,2025-09-08 17:55:34.123474
61,Samsung Books Product 61,Books,Samsung,44959.18,60193.0,Supplier C,2025-03-17,True,2026-02-13 13:29:48.494227,2026-07-22 19:18:33.333384
62,HP Books Product 62,Books,HP,12551.53,14193.75,Supplier D,2022-01-19,False,2023-11-13 16:01:12.866412,2024-10-12 18:41:02.454819
63,Nike Clothing Product 63,Clothing,Nike,37498.93,51663.37,Supplier B,2025-11-14,True,2026-01-16 00:01:46.464401,2026-02-21 05:03:01.477457
64,Boat Groceries Product 64,Groceries,Boat,1336.84,1765.92,Supplier B,2023-10-21,True,2024-12-19 09:52:24.325259,2025-05-30 18:58:41.449699
65,Samsung Books Product 65,Books,Samsung,39389.99,44606.35,Supplier D,2022-10-23,True,2026-04-11 03:15:23.503597,2026-05-27 18:24:09.565665
66,Adidas Groceries Product 66,Groceries,Adidas,40847.67,50573.13,Supplier B,2025-11-13,True,2026-04-01 23:37:34.583448,2026-04-07 18:29:59.641836
67,Apple Books Product 67,Books,Apple,9737.18,11669.8,Supplier C,2026-07-23,True,2026-07-24 23:29:12.592652,2026-07-25 08:30:42.444507
68,HP Books Product 68,Books,HP,25519.34,33273.53,Supplier C,2026-03-12,True,2026-07-04 21:14:35.424466,2026-07-08 06:59:40.305502
69,Puma Clothing Product 69,Clothing,Puma,5855.55,8145.77,Supplier C,2023-12-28,True,2024-07-16 00:01:12.593694,2025-05-08 12:23:31.146813
70,LG Books Product 70,Books,LG,29868.91,35953.39,Supplier D,2021-11-08,True,2023-08-21 23:20:43.891277,2026-07-09 16:05:52.549276
71,Adidas Sports Product 71,Sports,Adidas,25620.01,31142.62,Supplier C,2022-11-20,True,2025-10-08 07:03:50.036034,2026-02-17 06:42:44.364362
72,HP Books Product 72,Books,HP,21859.27,27454.72,Supplier B,2023-09-04,True,2026-06-10 07:42:27.337139,2026-07-25 03:51:07.405031
73,Puma Groceries Product 73,Groceries,Puma,3591.69,4666.58,Supplier C,2024-05-04,True,2025-12-08 14:39:46.299287,2026-01-13 00:31:07.233942
74,Sony Sports Product 74,Sports,Sony,6318.8,8656.84,Supplier D,2023-01-17,True,2026-06-15 03:31:19.186437,2026-07-08 10:35:32.248127
75,Boat Clothing Product 75,Clothing,Boat,34890.7,44182.92,Supplier D,2024-04-09,True,2025-12-26 07:54:56.366525,2026-01-07 09:27:03.919772
76,Boat Groceries Product 76,Groceries,Boat,45150.0,58002.15,Supplier E,2024-06-25,True,2025-07-12 08:24:58.849859,2026-05-30 16:37:07.662714
77,Puma Books Product 77,Books,Puma,15263.36,17752.12,Supplier E,2022-05-07,True,2026-05-25 22:50:37.151299,2026-05-30 19:00:06.431279
78,HP Clothing Product 78,Clothing,HP,23302.91,28724.28,Supplier D,2022-06-28,True,2024-11-29 15:07:49.299799,2026-01-10 14:31:56.804271
79,Apple Beauty Product 79,Beauty,Apple,47995.62,63392.06,Supplier C,2022-09-26,True,2023-03-12 15:29:26.663857,2026-03-12 08:10:58.591431
80,Adidas Books Product 80,Books,Adidas,31683.75,38038.13,Supplier C,2022-10-16,True,2025-01-12 11:10:10.360191,2025-12-24 15:19:28.347896
81,Lenovo Clothing Product 81,Clothing,Lenovo,10036.58,11113.78,Supplier E,2023-08-28,True,2025-05-09 01:46:33.419506,2025-12-26 07:07:38.219000
82,Puma Beauty Product 82,Beauty,Puma,3734.13,4571.82,Supplier B,2026-03-27,True,2026-04-20 14:03:50.719579,2026-06-28 04:24:00.870226
83,Samsung Clothing Product 83,Clothing,Samsung,19260.53,23495.84,Supplier A,2022-10-03,True,2024-04-05 16:23:52.240603,2025-10-22 08:41:24.929209
84,HP Beauty Product 84,Beauty,HP,11020.17,14780.62,Supplier D,2023-01-23,True,2024-03-02 12:09:27.906271,2025-12-20 06:47:16.344138
85,Nike Home & Kitchen Product 85,Home & Kitchen,Nike,12534.99,16978.66,Supplier D,2021-12-03,True,2024-01-18 23:05:17.618374,2026-07-23 22:44:01.626783
86,Lenovo Books Product 86,Books,Lenovo,49395.83,63159.27,Supplier E,2026-07-17,True,2026-07-17 14:42:38.856590,2026-07-19 06:22:35.189491
87,Lenovo Sports Product 87,Sports,Lenovo,44611.81,54784.29,Supplier B,2022-11-20,True,2026-04-26 17:01:46.100989,2026-07-14 16:26:51.094305
88,Sony Clothing Product 88,Clothing,Sony,23786.25,28014.43,Supplier E,2025-12-16,True,2026-03-07 19:13:25.400441,2026-03-29 19:36:31.549803
89,Sony Beauty Product 89,Beauty,Sony,12038.37,14830.81,Supplier B,2025-09-24,True,2026-04-26 03:13:07.808281,2026-06-20 07:51:24.970987
90,Nike Clothing Product 90,Clothing,Nike,16053.51,20260.26,Supplier B,2026-07-01,True,2026-07-16 22:26:44.570103,2026-07-17 00:01:42.961452
91,Boat Home & Kitchen Product 91,Home & Kitchen,Boat,7724.98,8993.31,Supplier C,2025-08-24,True,2025-12-02 09:38:23.521303,2026-05-07 06:35:43.371363
92,Boat Home & Kitchen Product 92,Home & Kitchen,Boat,20847.13,24225.41,Supplier E,2026-04-04,True,2026-04-19 02:09:22.866848,2026-04-30 07:38:27.654845
93,Boat Sports Product 93,Sports,Boat,1074.64,1466.02,Supplier D,2022-02-04,True,2024-07-26 01:31:56.069626,2025-02-09 16:30:57.824899
94,Boat Books Product 94,Books,Boat,17652.76,23408.31,Supplier E,2024-08-02,True,2026-01-02 09:05:57.712781,2026-02-12 21:51:02.921048
95,Lenovo Clothing Product 95,Clothing,Lenovo,27352.0,35037.25,Supplier B,2024-09-24,True,2025-03-19 16:50:55.426452,2025-11-15 09:13:32.715321
96,Boat Beauty Product 96,Beauty,Boat,24333.54,29605.58,Supplier B,2026-02-02,True,2026-06-28 16:28:07.681206,2026-07-01 03:34:12.966279
97,Samsung Sports Product 97,Sports,Samsung,45985.13,64113.23,Supplier D,2023-09-05,True,2024-06-22 17:20:16.387023,2024-06-25 10:14:10.197663
98,Nike Home & Kitchen Product 98,Home & Kitchen,Nike,33183.69,37337.76,Supplier D,2025-06-01,True,2026-02-23 04:25:08.665733,2026-04-04 01:10:46.152807
99,LG Home & Kitchen Product 99,Home & Kitchen,LG,13081.8,15674.69,Supplier C,2025-04-08,True,2025-12-25 03:31:52.445359,2026-03-25 21:51:20.978438
100,Boat Books Product 100,Books,Boat,19018.4,25210.85,Supplier C,2021-08-10,True,2021-12-24 05:15:19.689751,2026-01-10 16:04:06.932913
101,LG Electronics Product 101,Electronics,LG,23568.31,31221.11,Supplier B,2026-01-30,True,2026-05-06 05:22:29.565317,2026-07-12 02:39:22.837832
102,Samsung Books Product 102,Books,Samsung,39083.53,50633.74,Supplier B,2024-06-22,True,2024-10-13 01:11:48.152037,2025-01-03 22:18:57.056530
103,Lenovo Clothing Product 103,Clothing,Lenovo,1116.96,1279.72,Supplier A,2023-02-07,True,2026-03-19 15:24:50.324509,2026-06-29 07:50:11.714383
104,LG Books Product 104,Books,LG,10976.43,14377.36,Supplier B,2025-11-12,True,2026-06-29 13:19:47.322286,2026-07-04 23:27:57.637769
105,Nike Books Product 105,Books,Nike,48190.36,63394.76,Supplier C,2022-10-22,True,2023-03-12 01:41:34.855393,2025-10-27 14:59:30.913857
106,Boat Beauty Product 106,Beauty,Boat,1381.35,1648.76,Supplier D,2025-12-25,True,2026-03-21 07:13:28.222542,2026-06-07 13:04:59.097513
107,Adidas Books Product 107,Books,Adidas,9996.66,12772.03,Supplier A,2022-05-02,True,2026-04-08 00:10:17.513256,2026-07-10 16:41:24.648521
108,Apple Books Product 108,Books,Apple,15148.98,19773.63,Supplier E,2026-06-11,True,2026-07-16 23:18:36.640157,2026-07-24 08:54:25.346712
109,Apple Groceries Product 109,Groceries,Apple,17425.47,21407.42,Supplier E,2021-09-07,True,2025-04-11 19:52:17.416471,2025-09-14 19:14:45.230544
110,Apple Home & Kitchen Product 110,Home & Kitchen,Apple,731.34,896.64,Supplier D,2026-03-20,False,2026-06-30 04:16:22.146201,2026-07-21 22:37:24.544953
111,Nike Beauty Product 111,Beauty,Nike,31815.7,42907.04,Supplier D,2025-08-13,True,2025-11-13 09:54:09.543392,2026-06-01 08:52:11.513006
112,HP Sports Product 112,Sports,HP,26135.16,33848.62,Supplier D,2022-02-06,True,2025-12-28 22:50:24.358247,2026-06-25 21:29:22.475248
113,Adidas Groceries Product 113,Groceries,Adidas,41304.16,52776.08,Supplier A,2022-09-03,True,2025-11-06 16:03:21.647038,2026-03-06 16:03:20.403117
114,Puma Sports Product 114,Sports,Puma,22595.02,29941.63,Supplier D,2023-02-01,True,2025-11-07 09:07:49.067149,2026-01-05 13:15:03.873285
115,Adidas Home & Kitchen Product 115,Home & Kitchen,Adidas,24765.89,29657.26,Supplier C,2021-09-05,True,2022-08-15 14:44:40.799295,2023-12-01 05:31:34.770982
116,Sony Beauty Product 116,Beauty,Sony,17082.91,23302.73,Supplier E,2025-11-19,True,2026-07-17 03:25:59.190860,2026-07-19 10:31:23.727204
117,Boat Beauty Product 117,Beauty,Boat,47408.32,53366.78,Supplier D,2024-10-07,True,2025-06-26 08:03:13.950686,2026-07-17 22:32:16.503237
118,Lenovo Beauty Product 118,Beauty,Lenovo,12092.16,15028.47,Supplier D,2024-03-29,True,2026-06-03 19:37:12.318679,2026-06-09 18:19:06.861484
119,Adidas Beauty Product 119,Beauty,Adidas,4743.36,5533.03,Supplier C,2026-05-31,True,2026-06-09 21:16:51.648004,2026-07-23 15:54:21.680290
120,Boat Groceries Product 120,Groceries,Boat,18514.12,23439.65,Supplier E,2022-11-21,True,2023-04-15 12:22:59.675990,2024-09-16 14:58:25.992968
121,Adidas Groceries Product 121,Groceries,Adidas,35172.46,41548.35,Supplier A,2025-03-16,True,2025-08-18 16:46:31.018106,2026-03-13 05:09:15.069677
122,Nike Books Product 122,Books,Nike,15845.84,20961.9,Supplier B,2024-02-13,True,2025-01-22 02:53:54.460518,2025-12-04 19:25:31.962749
123,HP Books Product 123,Books,HP,24261.51,31961.52,Supplier E,2022-11-01,True,2025-06-23 15:00:39.824059,2025-06-24 07:06:53.384014
124,LG Clothing Product 124,Clothing,LG,5116.25,5925.82,Supplier B,2026-03-11,True,2026-05-23 10:14:45.582811,2026-07-07 16:59:03.177060
125,Samsung Electronics Product 125,Electronics,Samsung,35430.12,40318.59,Supplier E,2025-04-09,True,2026-02-19 18:46:53.765859,2026-04-17 10:47:28.843554
126,Lenovo Books Product 126,Books,Lenovo,47210.07,60965.24,Supplier A,2021-11-28,True,2024-12-31 10:44:35.538101,2025-07-07 23:09:46.569288
127,LG Home & Kitchen Product 127,Home & Kitchen,LG,28745.8,35668.34,Supplier B,2023-02-17,False,2026-01-15 17:19:51.087367,2026-06-01 22:32:40.816298
128,Apple Electronics Product 128,Electronics,Apple,12698.67,17251.36,Supplier D,2023-01-23,True,2024-02-22 16:31:25.924833,2025-02-17 13:50:00.669317
129,Nike Clothing Product 129,Clothing,Nike,28893.36,37732.86,Supplier E,2023-07-29,True,2024-06-15 23:08:00.520206,2024-09-21 21:35:14.899951
130,Boat Sports Product 130,Sports,Boat,4350.53,5109.51,Supplier E,2023-08-31,True,2026-05-23 04:33:31.600818,2026-07-04 23:32:11.362051
131,Lenovo Home & Kitchen Product 131,Home & Kitchen,Lenovo,30959.08,41259.42,Supplier D,2026-01-28,True,2026-05-17 18:53:47.738967,2026-06-07 10:13:51.749019
132,Puma Sports Product 132,Sports,Puma,29467.4,36205.09,Supplier A,2024-04-20,True,2024-04-20 08:03:03.315794,2024-12-13 08:02:36.463676
133,Adidas Clothing Product 133,Clothing,Adidas,37030.46,51260.42,Supplier C,2023-09-17,True,2025-05-13 13:21:48.947148,2026-02-24 04:38:29.664345
134,Nike Electronics Product 134,Electronics,Nike,7937.15,9144.74,Supplier A,2023-11-20,True,2025-01-25 14:15:57.820178,2025-05-22 05:26:27.795756
135,Adidas Electronics Product 135,Electronics,Adidas,34499.62,42813.12,Supplier C,2023-12-05,True,2026-04-21 04:01:19.698477,2026-07-05 22:45:44.245069
136,Adidas Beauty Product 136,Beauty,Adidas,35179.08,43488.71,Supplier C,2022-05-30,True,2022-10-05 15:58:55.736112,2024-09-20 11:23:18.548309
137,Boat Clothing Product 137,Clothing,Boat,31290.39,40626.03,Supplier A,2024-09-22,True,2025-05-05 00:49:17.428738,2026-05-05 07:45:23.365860
138,Nike Books Product 138,Books,Nike,32416.97,44493.05,Supplier A,2025-04-26,True,2026-02-26 08:50:58.913378,2026-03-31 20:09:12.541025
139,Puma Books Product 139,Books,Puma,39652.17,50695.82,Supplier C,2022-07-22,True,2022-08-26 18:25:31.368545,2023-08-11 13:11:19.060850
140,Sony Home & Kitchen Product 140,Home & Kitchen,Sony,23488.03,27979.58,Supplier E,2023-12-09,True,2026-03-03 05:02:27.395779,2026-03-13 17:00:32.426305
141,LG Home & Kitchen Product 141,Home & Kitchen,LG,21944.17,28075.61,Supplier E,2023-08-20,True,2025-06-24 01:55:02.145233,2025-09-09 03:10:05.069073
142,Puma Books Product 142,Books,Puma,4657.21,6466.88,Supplier E,2025-01-16,False,2025-10-17 13:27:16.865857,2025-12-25 01:45:00.102561
143,Puma Groceries Product 143,Groceries,Puma,49978.66,65056.45,Supplier A,2024-11-03,True,2024-11-06 11:45:12.139530,2026-02-19 12:01:34.315791
144,Sony Home & Kitchen Product 144,Home & Kitchen,Sony,8842.02,11102.83,Supplier B,2025-05-30,False,2025-07-13 21:53:45.858850,2025-12-20 23:03:04.279037
145,Lenovo Electronics Product 145,Electronics,Lenovo,21850.66,29373.26,Supplier C,2022-06-10,True,2026-05-23 01:09:18.955898,2026-06-24 20:16:01.896339
146,LG Clothing Product 146,Clothing,LG,16120.81,18238.76,Supplier D,2021-10-23,True,2022-12-29 16:47:24.745407,2026-01-08 15:32:47.726161
147,HP Books Product 147,Books,HP,14482.07,20036.78,Supplier A,2023-11-04,True,2026-01-08 21:38:50.503247,2026-05-20 17:24:01.651925
148,Boat Books Product 148,Books,Boat,15794.41,18905.63,Supplier E,2026-07-02,True,2026-07-15 21:55:47.967616,2026-07-24 21:27:57.599602
149,Boat Home & Kitchen Product 149,Home & Kitchen,Boat,157.44,214.25,Supplier A,2026-01-07,True,2026-05-09 03:25:09.027526,2026-07-03 16:30:29.304029
150,Lenovo Beauty Product 150,Beauty,Lenovo,18152.79,24087.54,Supplier A,2024-02-01,True,2026-02-21 23:16:18.611292,2026-05-17 00:16:41.088908
151,Lenovo Home & Kitchen Product 151,Home & Kitchen,Lenovo,27506.06,37911.65,Supplier A,2026-01-18,True,2026-06-07 01:55:04.569805,2026-06-30 00:00:35.307588
152,Nike Beauty Product 152,Beauty,Nike,31538.11,42254.57,Supplier C,2022-11-09,True,2023-10-09 20:28:42.085774,2025-07-20 22:59:01.813407
153,Apple Books Product 153,Books,Apple,27657.35,31196.46,Supplier D,2025-05-23,True,2026-01-01 07:22:45.859199,2026-05-09 19:52:20.387573
154,Sony Beauty Product 154,Beauty,Sony,32420.71,37160.34,Supplier E,2022-12-07,True,2023-03-19 18:30:43.739826,2024-03-03 09:17:14.233239
155,Adidas Home & Kitchen Product 155,Home & Kitchen,Adidas,20832.97,25931.84,Supplier D,2022-12-02,True,2024-01-31 15:36:57.871395,2025-06-03 21:00:16.100409
156,Nike Sports Product 156,Sports,Nike,19240.94,26486.32,Supplier A,2022-04-02,True,2023-04-01 07:43:08.987612,2025-07-19 17:25:36.681344
157,HP Books Product 157,Books,HP,39521.31,48393.16,Supplier C,2025-02-03,True,2025-03-09 12:20:48.039250,2025-09-30 11:26:27.112661
158,Puma Sports Product 158,Sports,Puma,14213.67,16908.11,Supplier D,2024-04-10,True,2025-03-23 17:45:11.798249,2025-07-02 19:18:35.157688
159,HP Groceries Product 159,Groceries,HP,22382.71,27873.24,Supplier E,2023-08-30,True,2026-04-15 11:03:14.292978,2026-06-13 09:32:46.547904
160,Adidas Beauty Product 160,Beauty,Adidas,46649.33,63484.16,Supplier E,2025-01-14,True,2026-05-06 12:20:00.692468,2026-07-06 15:34:12.878309
161,Lenovo Groceries Product 161,Groceries,Lenovo,42815.05,52372.76,Supplier D,2023-06-18,True,2023-06-24 16:22:41.497057,2024-07-25 00:05:04.912425
162,Lenovo Clothing Product 162,Clothing,Lenovo,33218.07,44718.97,Supplier A,2025-04-30,True,2026-05-20 05:13:53.159026,2026-07-22 06:52:04.788511
163,Lenovo Electronics Product 163,Electronics,Lenovo,48271.14,57905.98,Supplier A,2023-08-28,True,2025-10-30 03:15:28.526710,2026-03-25 15:00:28.382457
164,Nike Home & Kitchen Product 164,Home & Kitchen,Nike,22900.71,30154.12,Supplier A,2024-07-30,True,2025-01-05 23:18:50.919358,2025-05-10 00:45:10.203346
165,Boat Beauty Product 165,Beauty,Boat,48463.26,58231.92,Supplier A,2023-09-28,True,2023-10-27 22:26:44.085487,2024-09-28 13:06:08.405246
166,LG Home & Kitchen Product 166,Home & Kitchen,LG,42631.83,57885.61,Supplier D,2024-12-15,True,2025-08-09 11:34:17.206031,2025-10-06 05:29:23.350400
167,Sony Beauty Product 167,Beauty,Sony,1891.37,2119.33,Supplier B,2023-11-24,True,2024-03-27 08:33:02.105153,2025-09-07 06:44:53.245200
168,Apple Beauty Product 168,Beauty,Apple,21755.18,24573.19,Supplier D,2021-09-11,True,2023-08-12 17:05:59.912462,2025-04-11 22:21:54.446064
169,Samsung Groceries Product 169,Groceries,Samsung,15043.36,16678.34,Supplier C,2021-09-11,True,2024-10-28 01:04:10.321824,2025-01-22 06:10:43.455546
170,Puma Home & Kitchen Product 170,Home & Kitchen,Puma,21591.27,25332.16,Supplier B,2023-11-14,True,2024-01-02 11:57:51.973841,2024-12-21 21:51:19.950665
171,Adidas Sports Product 171,Sports,Adidas,4040.52,5500.17,Supplier D,2022-08-14,True,2023-11-28 02:30:42.266445,2025-12-05 16:43:35.599769
172,Lenovo Groceries Product 172,Groceries,Lenovo,7241.57,8967.56,Supplier C,2023-06-16,True,2025-10-16 19:21:56.512306,2026-06-08 01:02:23.414690
173,HP Groceries Product 173,Groceries,HP,44955.54,55725.81,Supplier B,2022-10-27,True,2023-02-15 23:54:01.817265,2023-03-12 07:53:50.641307
174,Boat Groceries Product 174,Groceries,Boat,47267.26,65999.06,Supplier C,2024-04-04,True,2026-07-25 06:56:13.714473,2026-07-25 07:35:20.883946
175,Lenovo Books Product 175,Books,Lenovo,15175.87,21243.37,Supplier A,2024-10-23,True,2026-03-07 06:36:53.736762,2026-06-06 13:56:05.967212
176,Sony Beauty Product 176,Beauty,Sony,28638.94,36441.44,Supplier A,2025-05-01,False,2026-07-02 16:09:49.766914,2026-07-07 04:44:34.094383
177,Samsung Sports Product 177,Sports,Samsung,32945.67,38953.12,Supplier E,2021-08-30,True,2022-05-29 19:41:11.847172,2022-12-07 08:47:41.730037
178,Adidas Books Product 178,Books,Adidas,41658.66,57109.04,Supplier E,2024-11-28,True,2025-11-03 20:15:58.699062,2025-12-31 06:47:25.287871
179,Nike Groceries Product 179,Groceries,Nike,11028.33,12760.21,Supplier A,2025-01-21,True,2026-03-19 01:48:14.499441,2026-04-09 14:25:33.967276
180,Samsung Home & Kitchen Product 180,Home & Kitchen,Samsung,32352.4,38586.06,Supplier E,2024-08-06,True,2026-01-25 06:50:13.184682,2026-02-15 00:35:33.488640
181,Boat Groceries Product 181,Groceries,Boat,6657.45,9139.94,Supplier B,2025-08-28,True,2026-07-13 16:13:54.839069,2026-07-14 22:33:38.925894
182,HP Groceries Product 182,Groceries,HP,39346.99,53627.51,Supplier E,2021-09-08,True,2023-03-17 17:02:45.065282,2025-06-24 21:43:38.946316
183,Lenovo Books Product 183,Books,Lenovo,41540.58,48897.04,Supplier C,2026-05-09,True,2026-06-08 16:30:29.474538,2026-07-12 01:32:01.201244
184,Nike Electronics Product 184,Electronics,Nike,17001.89,19289.51,Supplier B,2021-12-09,True,2025-02-17 16:49:25.517259,2026-01-11 12:56:15.936391
185,HP Books Product 185,Books,HP,36238.41,50515.72,Supplier C,2022-01-26,True,2025-07-16 22:11:07.561905,2026-05-30 11:02:11.230894
186,Lenovo Electronics Product 186,Electronics,Lenovo,19789.27,23338.23,Supplier C,2024-07-24,True,2024-10-20 12:51:19.488119,2026-07-14 23:33:07.541269
187,LG Books Product 187,Books,LG,33649.81,42915.89,Supplier A,2025-06-22,True,2025-11-07 07:32:45.428107,2026-02-26 17:09:43.672791
188,LG Sports Product 188,Sports,LG,23626.7,30380.72,Supplier E,2023-06-01,True,2025-01-03 00:58:13.912053,2025-07-15 23:18:20.118141
189,Sony Beauty Product 189,Beauty,Sony,3254.53,4384.36,Supplier D,2025-10-23,True,2026-06-06 10:37:15.701967,2026-06-11 14:32:32.766539
190,Apple Home & Kitchen Product 190,Home & Kitchen,Apple,2362.81,2625.47,Supplier A,2026-05-14,True,2026-06-28 23:53:04.435367,2026-07-20 20:23:11.950705
191,HP Groceries Product 191,Groceries,HP,26923.58,32755.06,Supplier D,2025-02-05,True,2025-09-26 03:29:14.894563,2026-05-05 21:56:04.145136
192,Apple Beauty Product 192,Beauty,Apple,36357.3,49650.41,Supplier D,2026-05-22,True,2026-06-08 09:13:24.369546,2026-07-16 08:31:49.308519
193,LG Beauty Product 193,Beauty,LG,46958.75,55595.5,Supplier B,2024-04-02,True,2025-05-15 05:58:49.747087,2025-11-21 05:03:36.769081
194,LG Electronics Product 194,Electronics,LG,47532.7,64484.53,Supplier E,2025-03-20,True,2025-07-30 03:34:35.555263,2026-06-01 22:49:39.298642
195,Adidas Groceries Product 195,Groceries,Adidas,32276.86,36090.86,Supplier A,2025-09-18,True,2025-10-14 21:32:04.715459,2026-06-21 19:30:21.603849
196,Puma Clothing Product 196,Clothing,Puma,41227.13,46483.67,Supplier A,2022-10-12,True,2024-07-15 09:32:24.406704,2025-10-10 00:34:47.138686
197,Puma Books Product 197,Books,Puma,16742.11,23382.81,Supplier B,2023-06-16,True,2023-07-18 14:02:25.854656,2026-02-11 00:00:18.014957
198,Adidas Clothing Product 198,Clothing,Adidas,38281.35,44488.56,Supplier C,2022-06-21,True,2023-05-04 04:43:37.189110,2025-11-29 04:17:36.223591
199,Nike Groceries Product 199,Groceries,Nike,39453.32,50452.69,Supplier B,2023-04-06,True,2026-03-02 23:43:43.676438,2026-06-12 05:22:50.708235
200,Samsung Books Product 200,Books,Samsung,39945.84,45257.75,Supplier B,2022-12-10,True,2022-12-23 10:24:27.075972,2026-05-18 07:58:17.261103
201,Samsung Groceries Product 201,Groceries,Samsung,39520.23,46293.19,Supplier B,2021-12-27,True,2025-04-13 12:12:40.990753,2025-11-28 02:15:04.194097
202,Apple Electronics Product 202,Electronics,Apple,6425.25,7879.21,Supplier D,2025-05-09,True,2026-03-10 12:03:41.827348,2026-06-06 21:41:02.189514
203,HP Home & Kitchen Product 203,Home & Kitchen,HP,18165.74,23217.63,Supplier B,2024-01-06,True,2026-01-13 12:16:12.919103,2026-01-31 10:58:12.994821
204,HP Books Product 204,Books,HP,2263.92,3022.26,Supplier C,2022-09-01,True,2025-05-12 16:00:10.940164,2025-09-23 23:59:02.930473
205,Boat Home & Kitchen Product 205,Home & Kitchen,Boat,48204.91,53905.03,Supplier D,2024-06-20,True,2025-06-17 05:13:39.103854,2026-01-17 06:12:05.153751
206,Apple Electronics Product 206,Electronics,Apple,24564.42,33724.74,Supplier C,2023-09-09,True,2025-10-31 12:08:15.545165,2026-01-27 18:44:39.480900
207,Puma Beauty Product 207,Beauty,Puma,3377.54,3993.96,Supplier E,2025-01-28,True,2025-06-24 04:58:01.529113,2025-10-01 19:16:16.561145
208,Lenovo Groceries Product 208,Groceries,Lenovo,19107.13,24442.18,Supplier E,2022-03-01,True,2023-01-04 13:17:09.163002,2023-06-08 17:07:08.028072
209,HP Books Product 209,Books,HP,5049.01,6616.9,Supplier B,2024-03-29,True,2026-01-04 14:47:26.247201,2026-02-10 23:17:16.598894
210,Lenovo Books Product 210,Books,Lenovo,44415.74,54371.26,Supplier D,2022-08-23,True,2024-07-16 13:11:53.742815,2026-01-02 21:15:04.580639
211,Sony Beauty Product 211,Beauty,Sony,4844.78,5949.53,Supplier C,2026-06-12,False,2026-07-04 18:02:32.441399,2026-07-10 14:03:29.480364
212,Apple Electronics Product 212,Electronics,Apple,34372.37,42700.12,Supplier A,2022-01-23,True,2022-12-08 04:48:41.413290,2023-10-05 15:41:00.441194
213,HP Clothing Product 213,Clothing,HP,37254.99,45145.38,Supplier A,2022-06-16,True,2022-07-07 05:27:56.644957,2024-09-04 06:54:21.689004
214,Boat Electronics Product 214,Electronics,Boat,28123.16,33716.68,Supplier C,2022-12-07,True,2026-06-21 06:32:10.406696,2026-07-10 03:19:48.283165
215,Samsung Beauty Product 215,Beauty,Samsung,47062.38,57739.94,Supplier C,2025-01-18,True,2025-03-28 21:05:33.936854,2026-05-22 18:27:45.686223
216,Nike Clothing Product 216,Clothing,Nike,17647.14,22471.44,Supplier D,2024-01-06,True,2026-03-28 19:43:48.638350,2026-06-04 20:58:59.549725
217,Apple Groceries Product 217,Groceries,Apple,5500.1,7445.0,Supplier C,2023-11-28,True,2025-01-28 09:59:23.966645,2025-05-08 12:23:52.208212
218,Puma Books Product 218,Books,Puma,40380.35,54656.68,Supplier E,2021-10-25,True,2026-04-14 03:35:04.292038,2026-06-01 23:33:26.580214
219,Sony Beauty Product 219,Beauty,Sony,27881.31,35763.31,Supplier A,2025-09-03,True,2026-01-11 09:02:40.191620,2026-01-25 19:43:51.360322
220,LG Groceries Product 220,Groceries,LG,35164.67,41940.74,Supplier A,2024-09-15,True,2024-10-21 08:47:55.127489,2025-01-25 03:38:07.018035
221,Nike Electronics Product 221,Electronics,Nike,7248.25,9402.45,Supplier A,2024-05-17,True,2025-01-14 21:01:25.306998,2026-07-21 23:34:20.492651
222,LG Home & Kitchen Product 222,Home & Kitchen,LG,26571.09,32226.97,Supplier B,2022-02-25,True,2025-07-10 19:10:08.029566,2026-02-25 22:29:57.712959
223,Puma Sports Product 223,Sports,Puma,36107.64,48133.31,Supplier A,2025-07-07,True,2025-10-01 12:30:08.409923,2026-03-05 15:27:53.507866
224,Apple Electronics Product 224,Electronics,Apple,7863.44,10429.52,Supplier C,2023-10-25,True,2025-01-11 15:42:05.413108,2026-05-08 02:24:19.838855
225,Sony Home & Kitchen Product 225,Home & Kitchen,Sony,21258.34,27255.8,Supplier B,2026-07-06,True,2026-07-11 21:56:27.265975,2026-07-20 06:26:43.950145
226,Puma Groceries Product 226,Groceries,Puma,5779.49,7102.84,Supplier D,2024-08-10,True,2026-01-20 16:41:00.728996,2026-07-15 15:15:22.840604
227,Samsung Sports Product 227,Sports,Samsung,15490.13,18063.9,Supplier A,2022-08-07,True,2023-06-08 15:24:17.014349,2025-07-02 07:54:28.095065
228,Sony Books Product 228,Books,Sony,47271.67,62881.01,Supplier C,2022-05-06,True,2023-01-28 21:50:59.737535,2023-05-04 12:03:13.031133
229,Nike Clothing Product 229,Clothing,Nike,485.72,643.14,Supplier D,2021-07-28,True,2023-10-27 10:24:09.962331,2025-06-13 09:25:22.323685
230,LG Beauty Product 230,Beauty,LG,11582.52,14682.2,Supplier A,2023-01-07,True,2023-11-02 20:19:06.562068,2025-10-06 15:14:52.550212
231,Apple Home & Kitchen Product 231,Home & Kitchen,Apple,37127.86,45699.42,Supplier C,2025-01-28,True,2025-10-01 16:55:55.105135,2026-04-23 15:01:20.138199
232,Sony Home & Kitchen Product 232,Home & Kitchen,Sony,28712.64,37695.38,Supplier A,2026-03-07,True,2026-06-25 14:02:07.777859,2026-07-14 04:48:18.136425
233,Lenovo Sports Product 233,Sports,Lenovo,48313.36,55635.83,Supplier C,2024-11-12,True,2026-06-14 05:12:12.466110,2026-07-01 17:04:09.823139
234,Boat Sports Product 234,Sports,Boat,42239.77,49547.04,Supplier E,2024-04-13,True,2025-10-04 17:12:46.568251,2026-06-28 11:19:19.834506
235,LG Clothing Product 235,Clothing,LG,43539.17,57634.6,Supplier B,2025-09-11,True,2025-10-03 15:54:52.146128,2025-11-21 13:28:02.769026
236,LG Clothing Product 236,Clothing,LG,31697.91,39913.42,Supplier C,2023-02-06,True,2025-09-10 16:56:51.669872,2026-03-10 12:29:54.247902
237,Apple Clothing Product 237,Clothing,Apple,40965.54,55078.62,Supplier B,2023-01-02,True,2023-06-12 16:55:42.658782,2025-08-04 21:01:56.925963
238,Apple Books Product 238,Books,Apple,8757.6,10034.99,Supplier B,2025-01-22,False,2026-06-23 20:59:53.601616,2026-07-09 15:15:22.241526
239,Puma Sports Product 239,Sports,Puma,31434.64,38953.36,Supplier D,2024-01-12,True,2024-03-26 10:31:01.362544,2024-04-29 08:33:54.662413
240,LG Sports Product 240,Sports,LG,44114.2,57035.14,Supplier C,2023-09-21,True,2024-08-20 16:30:42.817043,2025-02-12 20:47:49.671981
241,Sony Groceries Product 241,Groceries,Sony,3507.48,4323.54,Supplier E,2022-01-06,True,2026-05-23 02:05:22.307675,2026-07-14 23:40:08.687326
242,Samsung Home & Kitchen Product 242,Home & Kitchen,Samsung,25416.11,30324.53,Supplier A,2024-06-08,True,2026-06-17 02:37:47.841572,2026-07-25 08:24:28.660333
243,Apple Books Product 243,Books,Apple,14425.14,18657.48,Supplier E,2024-12-03,True,2025-05-13 12:51:44.481813,2025-05-31 03:36:50.985622
244,Samsung Books Product 244,Books,Samsung,19285.68,24571.86,Supplier D,2025-05-05,True,2025-12-01 00:22:53.330590,2026-05-04 00:00:58.694464
245,Lenovo Sports Product 245,Sports,Lenovo,28625.67,33104.78,Supplier E,2026-02-21,True,2026-03-21 00:22:51.936454,2026-06-02 23:20:45.358897
246,LG Books Product 246,Books,LG,3187.5,3605.22,Supplier A,2024-09-25,True,2025-08-19 15:40:31.875480,2025-09-19 15:35:09.768974
247,Lenovo Home & Kitchen Product 247,Home & Kitchen,Lenovo,8710.69,10229.16,Supplier E,2023-04-20,True,2024-05-21 10:13:11.370023,2025-11-05 03:24:57.789891
248,Boat Groceries Product 248,Groceries,Boat,8021.44,9720.83,Supplier D,2025-11-07,True,2026-01-31 20:52:38.338307,2026-06-01 21:55:45.793979
249,LG Beauty Product 249,Beauty,LG,33977.0,37908.47,Supplier A,2023-01-01,True,2026-05-15 01:02:28.707278,2026-07-12 01:40:13.637111
250,Puma Groceries Product 250,Groceries,Puma,27942.36,33977.05,Supplier B,2024-04-24,True,2025-05-03 00:48:29.684058,2025-09-21 01:00:37.108180
251,Sony Groceries Product 251,Groceries,Sony,29178.7,33334.58,Supplier D,2023-03-06,True,2026-06-18 11:22:56.402690,2026-07-03 09:14:46.419240
252,Boat Sports Product 252,Sports,Boat,35470.82,39919.42,Supplier C,2024-02-19,True,2026-07-14 19:46:40.232349,2026-07-21 18:10:51.008161
253,HP Beauty Product 253,Beauty,HP,33538.81,45233.38,Supplier A,2024-04-10,True,2025-03-21 15:02:09.847401,2025-06-21 16:20:19.938749
254,Sony Groceries Product 254,Groceries,Sony,21227.98,25655.04,Supplier B,2023-05-15,False,2025-10-14 01:07:01.123645,2026-04-09 20:42:29.982474
255,Adidas Clothing Product 255,Clothing,Adidas,17152.44,22810.12,Supplier B,2025-05-12,True,2025-08-09 10:28:51.689438,2026-02-17 15:00:10.656344
256,HP Sports Product 256,Sports,HP,14860.03,19859.48,Supplier E,2026-03-14,True,2026-05-11 10:19:20.065820,2026-07-02 18:06:35.175052
257,Puma Clothing Product 257,Clothing,Puma,16904.54,22481.22,Supplier D,2022-03-02,True,2026-06-12 05:32:06.365932,2026-07-08 11:52:43.912861
258,Nike Sports Product 258,Sports,Nike,9124.21,11933.13,Supplier D,2022-10-04,True,2023-05-12 04:53:21.697339,2025-02-14 18:36:10.903944
259,Puma Home & Kitchen Product 259,Home & Kitchen,Puma,18278.54,24052.29,Supplier C,2024-04-27,True,2024-07-12 08:56:25.271317,2026-07-19 14:43:51.409563
260,Sony Clothing Product 260,Clothing,Sony,39211.64,45885.5,Supplier D,2026-02-15,True,2026-04-30 00:01:15.281311,2026-05-10 03:30:08.226769
261,Lenovo Sports Product 261,Sports,Lenovo,9781.41,12749.99,Supplier D,2025-09-21,True,2026-02-21 04:25:00.119998,2026-06-11 16:07:26.648007
262,Nike Home & Kitchen Product 262,Home & Kitchen,Nike,38928.39,48694.43,Supplier B,2024-02-08,True,2024-10-10 15:15:34.793850,2026-04-08 11:39:42.229098
263,Lenovo Beauty Product 263,Beauty,Lenovo,7006.09,8232.16,Supplier C,2026-06-18,True,2026-06-27 02:34:40.843107,2026-07-12 16:27:29.914242
264,Apple Books Product 264,Books,Apple,5219.23,7065.62,Supplier C,2023-06-24,True,2026-04-28 06:48:09.616382,2026-06-12 01:13:21.923692
265,Nike Sports Product 265,Sports,Nike,8099.59,10001.34,Supplier D,2025-12-16,True,2026-06-25 06:24:09.998090,2026-07-03 13:57:47.111943
266,Samsung Groceries Product 266,Groceries,Samsung,45534.2,61244.0,Supplier D,2025-07-06,True,2025-12-12 11:45:39.957480,2026-07-10 13:56:11.488057
267,LG Electronics Product 267,Electronics,LG,25150.16,29444.13,Supplier B,2024-02-06,True,2026-02-13 19:05:23.683320,2026-03-31 11:51:27.042433
268,LG Beauty Product 268,Beauty,LG,46548.21,62921.68,Supplier B,2023-01-20,True,2025-02-10 16:03:54.796582,2026-07-24 18:50:46.349419
269,Nike Beauty Product 269,Beauty,Nike,14415.28,19445.18,Supplier D,2024-01-04,True,2024-05-21 16:39:22.790384,2025-07-23 16:32:33.662586
270,Adidas Groceries Product 270,Groceries,Adidas,362.03,406.84,Supplier B,2023-04-15,True,2025-02-03 20:20:26.655005,2025-11-22 09:47:45.686545
271,Sony Electronics Product 271,Electronics,Sony,36389.02,45789.45,Supplier B,2023-11-02,True,2024-09-17 14:35:51.357560,2025-01-23 02:12:00.013300
272,Puma Books Product 272,Books,Puma,2482.7,3043.66,Supplier D,2025-01-18,True,2025-11-30 09:55:49.588818,2026-01-24 18:10:10.596970
273,Samsung Sports Product 273,Sports,Samsung,41850.72,52311.26,Supplier E,2025-06-09,True,2025-06-26 22:55:15.883595,2026-04-15 22:20:14.290552
274,Puma Electronics Product 274,Electronics,Puma,35955.36,42692.73,Supplier C,2025-02-01,True,2026-04-14 15:31:35.085736,2026-05-23 22:03:01.705118
275,HP Electronics Product 275,Electronics,HP,20886.72,27138.35,Supplier C,2024-11-17,True,2026-04-06 01:27:24.831572,2026-07-23 06:01:10.459773
276,HP Sports Product 276,Sports,HP,26350.37,32995.89,Supplier A,2024-01-14,True,2024-02-17 04:23:03.205225,2025-05-08 19:29:11.252249
277,Sony Groceries Product 277,Groceries,Sony,23559.74,30408.59,Supplier A,2024-07-06,True,2026-04-18 17:23:12.044125,2026-07-13 01:58:35.510731
278,Apple Beauty Product 278,Beauty,Apple,3471.22,4069.44,Supplier E,2023-10-06,True,2025-03-27 05:46:47.082210,2025-11-03 21:48:10.125579
279,LG Sports Product 279,Sports,LG,16692.68,18583.97,Supplier B,2025-03-04,True,2025-09-28 10:04:02.537642,2026-04-12 19:39:48.178158
280,Nike Home & Kitchen Product 280,Home & Kitchen,Nike,34265.66,47774.75,Supplier B,2022-05-02,True,2024-04-26 12:50:35.745470,2026-06-30 02:51:08.998487
281,Adidas Groceries Product 281,Groceries,Adidas,38831.9,48046.86,Supplier A,2023-04-03,True,2025-07-18 17:36:46.144442,2026-03-17 05:37:40.465253
282,HP Groceries Product 282,Groceries,HP,44300.94,52925.39,Supplier D,2025-10-27,False,2026-06-15 07:07:44.869113,2026-07-19 17:32:02.109750
283,Adidas Books Product 283,Books,Adidas,27197.23,31983.78,Supplier C,2023-06-18,True,2024-06-10 21:26:12.810604,2025-12-19 12:29:56.337258
284,Sony Groceries Product 284,Groceries,Sony,39063.99,53116.85,Supplier A,2025-05-11,True,2026-05-30 04:02:31.628180,2026-06-01 04:27:40.192134
285,Boat Home & Kitchen Product 285,Home & Kitchen,Boat,21903.87,26722.86,Supplier C,2021-11-26,False,2024-11-04 11:13:11.222658,2026-06-05 17:14:06.785019
286,HP Books Product 286,Books,HP,24860.54,31057.2,Supplier C,2026-07-20,True,2026-07-24 00:11:02.122462,2026-07-24 14:20:18.930233
287,Nike Sports Product 287,Sports,Nike,36381.36,40880.94,Supplier E,2022-01-19,True,2024-11-28 15:34:17.244888,2026-05-09 10:34:18.682346
288,Sony Groceries Product 288,Groceries,Sony,5219.64,6255.09,Supplier D,2023-10-12,True,2025-09-17 01:17:16.718086,2026-06-25 07:13:55.924103
289,Lenovo Groceries Product 289,Groceries,Lenovo,21363.19,27920.18,Supplier A,2021-10-16,True,2025-08-03 23:16:47.782060,2025-11-16 05:33:58.604926
290,Sony Home & Kitchen Product 290,Home & Kitchen,Sony,45589.2,58557.3,Supplier A,2023-06-08,True,2023-11-21 10:33:06.230520,2025-04-23 08:24:33.708158
291,Nike Books Product 291,Books,Nike,31911.88,38581.25,Supplier A,2024-05-22,True,2026-02-10 13:13:32.541363,2026-03-10 13:36:31.061585
292,Nike Electronics Product 292,Electronics,Nike,30417.89,40589.44,Supplier A,2021-12-15,True,2025-12-19 22:37:00.986631,2026-05-03 16:22:45.579166
293,Samsung Sports Product 293,Sports,Samsung,32293.63,39031.54,Supplier E,2022-10-06,True,2026-03-26 08:11:36.903282,2026-04-12 15:53:38.748648
294,Apple Home & Kitchen Product 294,Home & Kitchen,Apple,22551.14,27315.96,Supplier E,2023-11-13,True,2024-07-20 06:15:34.003517,2025-01-23 22:52:17.003665
295,Adidas Groceries Product 295,Groceries,Adidas,18410.8,21988.31,Supplier A,2021-08-10,True,2025-08-05 16:20:31.494826,2026-06-20 10:13:15.011785
296,Apple Sports Product 296,Sports,Apple,9383.8,11779.71,Supplier C,2024-12-12,True,2025-03-15 06:19:30.294390,2025-10-20 20:22:16.987606
297,Sony Sports Product 297,Sports,Sony,35231.49,41022.53,Supplier D,2023-04-16,True,2025-03-18 22:49:45.052978,2026-01-28 05:07:22.797364
298,Lenovo Clothing Product 298,Clothing,Lenovo,6872.85,7712.82,Supplier A,2023-09-07,True,2024-05-27 04:40:51.503390,2026-03-25 06:50:18.157915
299,LG Beauty Product 299,Beauty,LG,48381.31,67538.97,Supplier A,2022-07-22,True,2024-02-05 07:58:03.036094,2025-04-15 17:15:40.145415
300,Nike Clothing Product 300,Clothing,Nike,14589.08,17360.82,Supplier C,2022-09-30,True,2024-12-05 11:16:43.797770,2025-11-13 13:45:34.310930
301,Adidas Clothing Product 301,Clothing,Adidas,6155.99,7142.76,Supplier D,2026-07-11,True,2026-07-15 05:47:44.620642,2026-07-25 03:26:27.438108
302,HP Books Product 302,Books,HP,27745.67,33590.94,Supplier B,2024-11-07,True,2025-04-27 15:37:16.617029,2026-01-09 10:07:25.426415
303,Lenovo Beauty Product 303,Beauty,Lenovo,4402.15,5250.83,Supplier E,2024-12-27,True,2026-02-28 10:59:00.627319,2026-03-07 15:54:15.830533
304,LG Clothing Product 304,Clothing,LG,20530.73,26124.74,Supplier A,2024-08-04,True,2025-07-27 19:49:08.353969,2026-06-20 14:51:26.995589
305,HP Books Product 305,Books,HP,34037.44,40959.1,Supplier E,2022-12-28,True,2025-11-04 19:19:45.681027,2026-04-13 04:43:54.781661
306,Samsung Books Product 306,Books,Samsung,48316.6,59419.05,Supplier A,2023-04-28,True,2025-05-20 23:44:10.364707,2026-02-12 04:57:39.413052
307,Adidas Beauty Product 307,Beauty,Adidas,15275.81,17545.64,Supplier C,2024-12-13,True,2026-02-10 21:23:17.170251,2026-05-30 07:26:58.227256
308,Sony Electronics Product 308,Electronics,Sony,25993.0,30807.28,Supplier B,2025-10-02,True,2026-04-06 04:36:12.459351,2026-07-14 17:22:51.233478
309,Puma Groceries Product 309,Groceries,Puma,27586.99,31381.61,Supplier E,2024-10-16,True,2025-05-03 23:49:42.970889,2025-11-17 04:56:04.851682
310,Nike Sports Product 310,Sports,Nike,32085.27,40990.3,Supplier B,2024-06-16,True,2025-12-31 10:52:37.379679,2026-01-19 00:18:33.127898
311,Puma Books Product 311,Books,Puma,36059.58,46211.85,Supplier A,2023-01-14,True,2025-09-03 00:42:24.277873,2025-10-30 04:07:14.978449
312,Puma Beauty Product 312,Beauty,Puma,1515.84,1688.1,Supplier C,2022-03-22,True,2024-07-24 16:45:50.493359,2026-07-04 12:50:26.902664
313,Samsung Beauty Product 313,Beauty,Samsung,38371.25,47003.86,Supplier D,2024-03-19,True,2026-05-12 02:33:46.697023,2026-07-12 18:39:44.833611
314,Lenovo Groceries Product 314,Groceries,Lenovo,27324.32,35318.66,Supplier B,2022-11-05,True,2025-11-29 05:32:53.156017,2026-03-23 23:25:48.251500
315,Samsung Electronics Product 315,Electronics,Samsung,34281.04,40768.05,Supplier B,2025-08-05,True,2026-04-26 13:20:18.170641,2026-05-26 23:25:34.561177
316,Nike Sports Product 316,Sports,Nike,24264.13,28175.68,Supplier C,2022-02-19,True,2026-05-26 08:26:12.860064,2026-06-03 19:10:40.757480
317,Boat Groceries Product 317,Groceries,Boat,16033.89,22389.84,Supplier B,2026-05-24,True,2026-07-16 15:27:32.123858,2026-07-22 23:04:03.440722
318,Lenovo Clothing Product 318,Clothing,Lenovo,25797.51,29199.05,Supplier A,2026-06-18,True,2026-07-24 03:26:52.968303,2026-07-25 03:03:52.776344
319,Boat Groceries Product 319,Groceries,Boat,12471.15,14080.47,Supplier E,2023-05-23,True,2025-11-24 16:34:05.083900,2025-11-28 01:38:00.740222
320,LG Books Product 320,Books,LG,48138.02,65982.46,Supplier E,2024-03-30,True,2025-04-19 08:53:33.869318,2026-02-24 05:09:06.247384
321,Lenovo Sports Product 321,Sports,Lenovo,9572.72,10987.59,Supplier D,2024-12-03,True,2025-11-18 08:46:49.192153,2026-06-11 03:33:45.888135
322,HP Home & Kitchen Product 322,Home & Kitchen,HP,24918.78,28083.83,Supplier D,2026-04-06,False,2026-04-17 22:59:13.976511,2026-05-10 23:13:50.504389
323,Sony Electronics Product 323,Electronics,Sony,10835.71,13066.44,Supplier D,2021-09-07,True,2025-12-31 00:44:15.424902,2026-04-25 20:51:44.124321
324,HP Groceries Product 324,Groceries,HP,42158.2,54879.7,Supplier A,2026-02-20,True,2026-03-26 09:26:02.899024,2026-04-03 00:58:34.100251
325,LG Beauty Product 325,Beauty,LG,21603.3,29482.82,Supplier D,2025-09-06,True,2026-06-26 03:45:02.830335,2026-07-04 23:36:03.518673
326,LG Clothing Product 326,Clothing,LG,20089.02,25534.84,Supplier E,2023-08-08,True,2024-01-06 06:57:34.474145,2026-06-05 07:58:09.508011
327,Sony Sports Product 327,Sports,Sony,19378.81,23934.89,Supplier E,2023-01-31,True,2024-10-18 07:21:24.291499,2024-12-20 00:01:44.903206
328,LG Home & Kitchen Product 328,Home & Kitchen,LG,6028.67,8395.07,Supplier C,2025-12-31,True,2026-01-27 23:55:01.112886,2026-04-18 21:54:47.046935
329,HP Sports Product 329,Sports,HP,18343.76,20972.06,Supplier D,2024-11-29,True,2026-02-20 09:15:49.984590,2026-07-16 23:50:57.017957
330,Lenovo Groceries Product 330,Groceries,Lenovo,2360.64,2693.75,Supplier E,2023-08-28,True,2025-10-24 13:29:06.100944,2025-12-05 20:54:13.508263
331,Puma Groceries Product 331,Groceries,Puma,30352.4,38081.69,Supplier C,2023-08-20,True,2023-12-03 23:44:49.289150,2025-03-19 21:42:37.326684
332,Puma Groceries Product 332,Groceries,Puma,49531.73,65470.83,Supplier C,2023-08-08,True,2026-06-02 21:29:05.600910,2026-06-04 14:41:05.496960
333,Sony Sports Product 333,Sports,Sony,25534.73,31840.63,Supplier D,2023-05-31,True,2024-10-22 11:54:58.992559,2026-06-23 16:17:43.211995
334,Puma Home & Kitchen Product 334,Home & Kitchen,Puma,18481.05,24064.95,Supplier C,2025-11-02,True,2025-11-28 08:46:11.238199,2026-05-11 05:51:10.320592
335,Puma Electronics Product 335,Electronics,Puma,36293.68,47414.54,Supplier D,2024-04-13,True,2026-07-06 21:38:00.262717,2026-07-13 12:35:08.963618
336,Puma Sports Product 336,Sports,Puma,32813.99,45664.51,Supplier B,2023-07-21,True,2024-02-14 20:36:59.262655,2024-06-02 18:22:05.650422
337,Puma Beauty Product 337,Beauty,Puma,29217.81,33634.19,Supplier D,2025-10-20,True,2026-02-23 13:52:33.774840,2026-06-04 04:17:32.835607
338,Apple Beauty Product 338,Beauty,Apple,34068.27,37797.76,Supplier B,2024-10-08,True,2025-11-03 08:23:22.919420,2025-11-08 23:43:08.608588
339,Adidas Beauty Product 339,Beauty,Adidas,15753.25,18044.24,Supplier D,2025-06-30,True,2025-10-03 01:56:54.308639,2025-11-09 06:21:08.279134
340,Samsung Books Product 340,Books,Samsung,30612.76,38005.18,Supplier B,2024-05-20,True,2024-07-13 15:19:55.801265,2026-02-01 04:15:25.033987
341,HP Home & Kitchen Product 341,Home & Kitchen,HP,28088.25,39307.73,Supplier D,2022-08-06,True,2023-06-14 23:49:28.942297,2026-02-27 07:00:25.353622
342,HP Groceries Product 342,Groceries,HP,8741.8,12008.06,Supplier C,2023-03-16,True,2023-09-13 02:28:26.578825,2026-04-12 07:06:08.521466
343,Sony Books Product 343,Books,Sony,43395.95,56598.03,Supplier E,2021-07-29,True,2025-11-09 07:56:15.162565,2025-12-16 15:58:13.252475
344,Adidas Groceries Product 344,Groceries,Adidas,47871.14,56665.16,Supplier C,2022-03-18,True,2023-04-20 15:10:12.155983,2023-11-14 14:04:19.866107
345,LG Home & Kitchen Product 345,Home & Kitchen,LG,35274.56,46106.39,Supplier D,2024-11-12,True,2024-11-27 23:50:07.830453,2024-12-06 23:23:01.709792
346,Sony Groceries Product 346,Groceries,Sony,46691.65,62502.45,Supplier A,2025-07-06,True,2025-10-05 10:52:17.803371,2026-01-08 06:57:42.597612
347,LG Home & Kitchen Product 347,Home & Kitchen,LG,27205.22,37236.55,Supplier B,2022-06-07,True,2022-08-25 02:08:38.296781,2025-07-20 22:50:41.904316
348,Lenovo Groceries Product 348,Groceries,Lenovo,14452.75,18994.42,Supplier C,2024-03-11,True,2025-12-17 00:28:09.641947,2026-03-31 23:00:56.356006
349,HP Groceries Product 349,Groceries,HP,10777.94,14532.82,Supplier C,2025-06-14,True,2026-01-08 13:30:26.777171,2026-01-30 03:13:06.948792
350,Samsung Clothing Product 350,Clothing,Samsung,30822.28,39330.74,Supplier E,2024-01-30,True,2026-06-05 20:07:40.436624,2026-06-07 23:40:28.619930
351,Lenovo Groceries Product 351,Groceries,Lenovo,11718.54,13242.65,Supplier A,2025-06-23,True,2026-06-02 12:13:26.410008,2026-06-30 01:43:29.037644
352,Boat Clothing Product 352,Clothing,Boat,6959.61,9669.37,Supplier D,2023-11-07,True,2026-06-19 16:52:57.739281,2026-06-21 20:56:38.632240
353,Sony Groceries Product 353,Groceries,Sony,10052.85,13965.16,Supplier A,2023-12-16,True,2025-01-01 11:41:07.749828,2026-01-27 11:31:11.363576
354,Samsung Sports Product 354,Sports,Samsung,4564.09,5806.62,Supplier B,2024-01-05,True,2026-05-02 04:11:38.466006,2026-05-08 08:41:22.988777
355,Boat Electronics Product 355,Electronics,Boat,41896.48,57824.55,Supplier D,2021-12-18,True,2024-10-05 03:54:19.714217,2024-11-17 09:28:50.300926
356,Samsung Groceries Product 356,Groceries,Samsung,37475.26,51029.58,Supplier A,2022-12-08,True,2025-03-26 01:24:40.534760,2025-12-17 17:29:33.386123
357,Sony Groceries Product 357,Groceries,Sony,30178.87,41602.67,Supplier D,2023-03-10,False,2026-07-18 17:46:40.181732,2026-07-22 06:08:54.239406
358,HP Clothing Product 358,Clothing,HP,27210.69,33963.67,Supplier D,2023-10-30,True,2025-06-26 01:02:27.045472,2025-08-04 03:38:31.071420
359,Lenovo Beauty Product 359,Beauty,Lenovo,40459.81,48519.62,Supplier C,2025-01-26,True,2026-05-06 02:02:02.593277,2026-06-27 08:11:54.317616
360,Puma Groceries Product 360,Groceries,Puma,802.8,964.27,Supplier B,2025-05-28,True,2026-03-29 04:18:38.252308,2026-04-23 14:13:16.798666
361,Boat Books Product 361,Books,Boat,42821.71,58627.75,Supplier E,2023-10-26,True,2024-06-11 06:18:29.492998,2025-02-28 15:08:47.738752
362,Lenovo Clothing Product 362,Clothing,Lenovo,20101.58,22686.96,Supplier C,2023-10-30,True,2024-12-18 17:25:43.660910,2025-02-12 05:19:52.782580
363,Sony Home & Kitchen Product 363,Home & Kitchen,Sony,440.82,535.63,Supplier C,2023-09-11,True,2025-08-08 06:38:46.645412,2025-12-17 16:33:51.635853
364,LG Beauty Product 364,Beauty,LG,36171.84,39913.12,Supplier B,2022-04-28,True,2026-03-28 01:00:52.090364,2026-04-05 01:16:11.567565
365,HP Home & Kitchen Product 365,Home & Kitchen,HP,5999.42,7151.56,Supplier C,2025-09-20,True,2025-10-18 17:58:38.598539,2025-11-14 18:00:14.650037
366,Puma Groceries Product 366,Groceries,Puma,31971.7,44190.99,Supplier B,2025-04-03,True,2026-04-26 07:45:40.541024,2026-06-15 10:06:00.779438
367,Puma Beauty Product 367,Beauty,Puma,6765.08,7752.48,Supplier C,2024-06-29,True,2025-08-27 18:21:58.204468,2025-12-15 01:49:55.358711
368,Adidas Sports Product 368,Sports,Adidas,27506.8,34142.77,Supplier B,2022-03-04,True,2023-09-22 07:13:24.719252,2025-08-12 07:16:03.306070
369,Lenovo Sports Product 369,Sports,Lenovo,29831.14,39860.7,Supplier E,2025-04-24,True,2026-05-26 00:52:27.775126,2026-07-08 12:55:01.025088
370,HP Electronics Product 370,Electronics,HP,3997.33,5073.61,Supplier E,2026-05-28,True,2026-07-02 01:03:17.241655,2026-07-10 05:53:13.954098
371,HP Books Product 371,Books,HP,26879.34,30894.07,Supplier D,2024-06-13,True,2024-11-24 07:29:48.520209,2025-12-28 15:26:56.799737
372,HP Electronics Product 372,Electronics,HP,10349.53,13195.07,Supplier D,2022-09-06,True,2023-02-06 11:50:25.280272,2026-01-10 18:48:27.238133
373,Puma Home & Kitchen Product 373,Home & Kitchen,Puma,22726.27,28498.16,Supplier A,2023-05-26,True,2025-10-23 20:26:31.220473,2026-03-30 10:49:07.145834
374,Boat Electronics Product 374,Electronics,Boat,33671.11,40151.14,Supplier C,2025-08-06,True,2026-05-31 15:35:32.502207,2026-07-23 23:22:29.788879
375,Boat Electronics Product 375,Electronics,Boat,37315.64,47521.22,Supplier C,2025-08-27,True,2026-03-18 22:21:06.066178,2026-06-09 11:26:20.364373
376,Lenovo Electronics Product 376,Electronics,Lenovo,27104.06,30304.42,Supplier A,2021-09-09,True,2026-03-21 02:39:26.529201,2026-07-03 20:02:32.298648
377,Boat Beauty Product 377,Beauty,Boat,9081.07,10358.13,Supplier C,2022-11-24,False,2023-07-23 15:26:19.140714,2025-09-02 00:17:31.632621
378,Boat Home & Kitchen Product 378,Home & Kitchen,Boat,19185.73,26109.59,Supplier A,2023-02-08,True,2024-04-12 07:45:20.311212,2024-04-17 09:58:31.500513
379,LG Beauty Product 379,Beauty,LG,33123.45,41794.84,Supplier A,2025-11-29,True,2026-04-12 23:48:36.120721,2026-05-24 10:09:07.820198
380,Adidas Beauty Product 380,Beauty,Adidas,26909.2,33869.34,Supplier A,2022-04-09,True,2024-12-27 01:06:05.204613,2025-01-13 16:24:19.370359
381,HP Beauty Product 381,Beauty,HP,48926.69,60615.33,Supplier D,2025-04-17,True,2025-07-25 21:36:46.947297,2025-12-25 21:57:59.169415
382,Nike Groceries Product 382,Groceries,Nike,41185.69,48362.45,Supplier C,2023-04-07,True,2024-06-26 01:11:31.586042,2025-12-25 23:16:27.969394
383,Boat Electronics Product 383,Electronics,Boat,43772.89,58202.49,Supplier E,2025-06-12,True,2026-01-29 18:52:16.481986,2026-02-13 18:54:46.988436
384,Apple Clothing Product 384,Clothing,Apple,44199.46,48826.87,Supplier A,2021-10-28,True,2022-07-27 12:49:19.415871,2025-01-13 20:33:32.958599
385,Samsung Books Product 385,Books,Samsung,22377.41,29126.6,Supplier B,2024-12-06,True,2025-05-17 06:33:13.428996,2026-02-28 14:47:39.749533
386,Samsung Clothing Product 386,Clothing,Samsung,20173.04,23608.54,Supplier B,2023-12-28,True,2025-02-15 16:24:25.510770,2025-07-09 00:13:52.932687
387,Puma Beauty Product 387,Beauty,Puma,14534.25,19544.73,Supplier C,2025-05-03,True,2025-06-23 00:46:03.016215,2025-12-10 20:26:17.228819
388,Sony Clothing Product 388,Clothing,Sony,38649.66,52003.69,Supplier B,2022-12-23,False,2025-05-30 01:34:44.060294,2025-12-21 02:01:49.902295
389,Samsung Groceries Product 389,Groceries,Samsung,26110.43,31960.94,Supplier E,2024-11-23,True,2024-12-20 16:13:11.531457,2025-08-07 14:19:34.729541
390,Boat Beauty Product 390,Beauty,Boat,43997.72,60429.69,Supplier E,2024-07-22,True,2024-07-27 15:17:55.916798,2025-03-03 23:44:20.632334
391,Boat Beauty Product 391,Beauty,Boat,48617.28,67212.22,Supplier E,2022-08-13,True,2023-02-26 22:37:47.578344,2024-01-10 22:01:07.970073
392,Nike Home & Kitchen Product 392,Home & Kitchen,Nike,20874.6,23896.52,Supplier E,2023-03-15,True,2023-03-24 11:53:01.801979,2025-09-20 00:13:32.592465
393,Nike Beauty Product 393,Beauty,Nike,42482.11,50563.1,Supplier D,2022-06-09,True,2024-01-03 02:41:20.160158,2025-10-21 12:29:04.319086
394,HP Sports Product 394,Sports,HP,28163.06,39156.11,Supplier B,2024-01-23,True,2026-02-22 23:47:30.351258,2026-06-25 20:04:22.494595
395,Lenovo Electronics Product 395,Electronics,Lenovo,12824.28,15377.32,Supplier C,2021-12-02,True,2025-12-02 20:50:26.148880,2025-12-12 18:54:57.569546
396,Boat Groceries Product 396,Groceries,Boat,36256.78,41954.33,Supplier E,2021-08-27,True,2026-03-05 23:34:07.041678,2026-07-05 20:54:28.256130
397,Puma Books Product 397,Books,Puma,43693.66,50529.49,Supplier E,2024-06-09,True,2025-08-28 04:02:30.813234,2026-04-20 03:40:40.238743
398,Samsung Groceries Product 398,Groceries,Samsung,10523.57,14439.49,Supplier B,2023-08-26,True,2023-12-26 14:04:51.002427,2024-01-15 05:29:44.848823
399,Lenovo Books Product 399,Books,Lenovo,48107.67,54611.58,Supplier B,2023-03-09,True,2025-11-22 03:00:32.407903,2026-04-22 17:09:55.485364
400,HP Clothing Product 400,Clothing,HP,35218.05,42930.44,Supplier C,2025-09-21,True,2026-06-30 16:57:28.856265,2026-07-02 21:07:00.521509
401,Sony Groceries Product 401,Groceries,Sony,19095.02,24061.54,Supplier C,2025-10-13,True,2025-12-21 10:25:33.628590,2026-04-27 14:10:39.044916
402,Lenovo Books Product 402,Books,Lenovo,44152.32,54740.1,Supplier C,2024-03-07,True,2025-02-14 11:05:29.750012,2025-07-27 15:17:12.012706
403,Adidas Sports Product 403,Sports,Adidas,18598.18,22767.5,Supplier B,2023-04-05,True,2024-05-11 03:15:46.963070,2024-09-23 12:31:04.003661
404,Boat Beauty Product 404,Beauty,Boat,27710.25,35336.38,Supplier C,2024-02-11,True,2024-05-23 02:17:44.597439,2025-07-01 15:01:13.597866
405,Adidas Books Product 405,Books,Adidas,16560.28,20103.38,Supplier D,2026-02-03,True,2026-04-04 05:17:44.852293,2026-06-24 19:02:24.199341
406,Lenovo Books Product 406,Books,Lenovo,47178.88,56674.54,Supplier D,2025-08-28,True,2026-05-25 01:49:36.307657,2026-06-08 13:22:19.107210
407,HP Clothing Product 407,Clothing,HP,36665.33,44205.66,Supplier D,2022-04-17,True,2023-02-18 19:35:32.637085,2025-03-14 08:26:01.025907
408,HP Electronics Product 408,Electronics,HP,44479.29,62141.89,Supplier A,2025-05-12,True,2026-02-24 00:12:42.401843,2026-03-22 19:42:38.615004
409,Samsung Electronics Product 409,Electronics,Samsung,3809.09,5124.75,Supplier D,2025-06-04,True,2025-12-26 17:36:46.375571,2026-06-03 15:28:41.133223
410,Samsung Clothing Product 410,Clothing,Samsung,31572.01,35372.98,Supplier B,2025-05-12,True,2025-11-25 05:36:59.052072,2026-07-07 00:02:49.137998
411,Puma Beauty Product 411,Beauty,Puma,18722.71,24065.25,Supplier D,2024-05-20,True,2025-10-07 22:19:48.235745,2026-04-07 07:32:26.429650
412,Samsung Home & Kitchen Product 412,Home & Kitchen,Samsung,885.02,1114.83,Supplier A,2025-11-18,True,2026-04-23 09:46:15.906964,2026-05-07 10:33:40.617471
413,HP Electronics Product 413,Electronics,HP,13809.56,19240.08,Supplier D,2021-11-25,True,2023-12-18 05:49:10.782298,2024-09-30 23:01:41.185120
414,HP Electronics Product 414,Electronics,HP,45497.69,51508.16,Supplier B,2022-12-07,True,2023-02-19 12:06:57.238292,2024-11-15 14:53:33.359348
415,Sony Groceries Product 415,Groceries,Sony,31027.06,36479.3,Supplier D,2023-02-11,True,2024-09-02 13:51:08.392941,2024-10-11 21:01:45.968445
416,Adidas Clothing Product 416,Clothing,Adidas,47968.96,59371.15,Supplier C,2025-09-20,True,2025-10-13 15:52:15.010006,2026-06-16 17:13:50.079262
417,Samsung Books Product 417,Books,Samsung,42408.57,54966.63,Supplier A,2025-11-02,True,2026-04-14 04:51:56.756925,2026-06-05 00:09:46.383301
418,Samsung Beauty Product 418,Beauty,Samsung,18920.76,23514.75,Supplier B,2023-11-16,True,2025-05-13 13:00:23.514201,2026-04-25 05:15:53.352204
419,Puma Groceries Product 419,Groceries,Puma,42281.96,54690.54,Supplier A,2026-01-15,True,2026-04-11 01:32:13.934328,2026-07-05 08:09:18.881788
420,Puma Books Product 420,Books,Puma,45965.7,53730.68,Supplier D,2024-10-26,True,2025-05-18 22:19:50.754199,2025-12-10 14:37:55.751491
421,HP Groceries Product 421,Groceries,HP,46215.55,60326.48,Supplier E,2022-04-25,True,2022-07-30 01:12:57.975483,2022-12-27 18:46:13.676371
422,Adidas Electronics Product 422,Electronics,Adidas,9049.79,12263.63,Supplier E,2026-01-21,True,2026-03-25 15:53:10.204613,2026-06-20 14:20:26.579636
423,Sony Electronics Product 423,Electronics,Sony,41052.47,55267.74,Supplier B,2024-01-31,True,2024-07-05 09:38:22.504412,2025-01-07 04:49:07.103124
424,HP Beauty Product 424,Beauty,HP,28378.13,38447.62,Supplier C,2023-10-01,True,2024-12-25 21:16:53.768130,2025-10-23 05:46:18.660514
425,Apple Beauty Product 425,Beauty,Apple,37013.28,49492.29,Supplier E,2022-05-10,True,2023-12-04 05:02:42.793211,2024-09-01 23:07:59.726546
426,Apple Clothing Product 426,Clothing,Apple,17358.39,19602.93,Supplier C,2023-08-09,True,2024-08-08 21:34:30.275500,2025-10-10 16:00:28.798042
427,LG Books Product 427,Books,LG,30731.88,39296.32,Supplier A,2025-07-04,True,2026-03-11 02:20:00.505389,2026-03-20 01:53:45.212320
428,LG Clothing Product 428,Clothing,LG,39199.05,48417.3,Supplier E,2022-01-12,True,2025-02-07 23:11:51.691776,2025-07-09 05:54:53.069947
429,Boat Beauty Product 429,Beauty,Boat,21649.21,28228.59,Supplier A,2025-03-07,True,2026-02-01 19:20:05.481648,2026-07-09 02:40:27.337975
430,Apple Electronics Product 430,Electronics,Apple,14839.44,17420.54,Supplier C,2025-12-05,True,2026-02-20 11:05:36.916453,2026-05-21 17:32:53.647388
431,Boat Beauty Product 431,Beauty,Boat,35612.69,45946.43,Supplier C,2022-04-08,True,2023-10-08 23:55:48.693810,2026-06-22 09:43:28.250223
432,LG Home & Kitchen Product 432,Home & Kitchen,LG,4666.87,6453.76,Supplier C,2025-01-20,True,2025-08-24 02:42:06.598323,2026-03-11 14:27:44.032825
433,HP Sports Product 433,Sports,HP,4456.13,5477.89,Supplier E,2026-04-02,True,2026-05-07 09:44:25.931649,2026-06-06 03:34:12.965326
434,Puma Electronics Product 434,Electronics,Puma,1410.47,1701.27,Supplier E,2025-07-09,True,2026-05-15 02:55:05.307850,2026-07-01 20:44:18.099130
435,Boat Home & Kitchen Product 435,Home & Kitchen,Boat,43199.54,47679.43,Supplier A,2025-09-15,True,2026-05-04 12:10:37.072495,2026-06-29 14:45:30.013957
436,Puma Clothing Product 436,Clothing,Puma,28020.87,39168.11,Supplier E,2024-03-11,True,2025-09-21 16:39:54.905220,2026-01-29 12:59:35.704377
437,Sony Groceries Product 437,Groceries,Sony,19098.53,21803.88,Supplier D,2023-05-16,True,2024-07-11 22:07:27.227005,2024-11-22 22:29:49.792104
438,Lenovo Groceries Product 438,Groceries,Lenovo,8443.65,9987.05,Supplier A,2022-08-19,True,2026-05-11 04:46:45.046345,2026-06-16 18:01:20.311377
439,Puma Home & Kitchen Product 439,Home & Kitchen,Puma,47216.69,62149.9,Supplier E,2022-09-10,True,2023-03-23 13:37:42.517022,2023-06-25 16:38:58.076822
440,LG Home & Kitchen Product 440,Home & Kitchen,LG,5437.92,6478.72,Supplier E,2025-10-13,True,2025-11-10 20:41:34.506233,2026-05-27 14:16:50.302190
441,Puma Home & Kitchen Product 441,Home & Kitchen,Puma,43123.7,53131.28,Supplier B,2025-09-26,True,2026-06-20 04:42:18.826131,2026-06-21 12:34:02.965917
442,LG Home & Kitchen Product 442,Home & Kitchen,LG,30200.24,39519.66,Supplier B,2023-03-31,False,2025-10-15 01:05:58.310905,2025-11-21 04:11:37.525426
443,Lenovo Beauty Product 443,Beauty,Lenovo,48439.39,57518.6,Supplier E,2023-06-12,True,2023-12-13 20:37:03.558913,2026-02-14 09:13:20.067477
444,Boat Books Product 444,Books,Boat,16361.72,19373.75,Supplier C,2025-06-01,True,2026-05-06 06:51:49.244020,2026-05-19 13:01:10.018226
445,Nike Sports Product 445,Sports,Nike,28236.14,36076.42,Supplier E,2023-10-01,True,2024-11-26 12:19:10.008762,2026-01-10 06:57:42.259618
446,Lenovo Clothing Product 446,Clothing,Lenovo,36387.95,50320.62,Supplier C,2022-09-30,True,2024-06-10 09:01:16.430407,2025-01-17 04:37:04.131664
447,Boat Books Product 447,Books,Boat,3551.02,4809.28,Supplier D,2025-04-21,True,2025-11-13 16:06:55.898522,2026-03-29 03:32:27.971213
448,Boat Clothing Product 448,Clothing,Boat,15211.35,17885.57,Supplier D,2023-02-09,True,2025-11-25 18:42:58.128836,2026-03-19 02:06:29.501461
449,HP Home & Kitchen Product 449,Home & Kitchen,HP,49535.96,61611.36,Supplier E,2025-09-26,True,2026-01-15 05:20:54.492013,2026-07-15 06:15:45.855192
450,LG Electronics Product 450,Electronics,LG,43494.72,53302.35,Supplier E,2026-06-26,True,2026-07-09 13:23:32.299059,2026-07-14 00:17:55.556548
451,LG Clothing Product 451,Clothing,LG,45728.62,51801.88,Supplier B,2023-06-21,True,2025-02-06 05:21:05.048090,2026-07-07 08:22:36.697013
452,Boat Beauty Product 452,Beauty,Boat,2310.41,3223.21,Supplier C,2025-08-24,False,2026-05-19 17:10:32.478582,2026-05-28 22:33:40.721294
453,Adidas Groceries Product 453,Groceries,Adidas,21579.73,23805.99,Supplier E,2022-10-23,True,2025-03-20 06:59:51.860401,2026-05-24 10:08:47.286927
454,Lenovo Clothing Product 454,Clothing,Lenovo,27943.87,36503.06,Supplier C,2024-05-02,True,2024-07-24 13:05:45.045854,2026-04-03 17:47:47.738566
455,Nike Sports Product 455,Sports,Nike,38639.88,49326.78,Supplier C,2025-10-26,False,2026-01-11 15:24:00.247217,2026-06-09 05:45:02.227100
456,Apple Electronics Product 456,Electronics,Apple,24190.28,28753.28,Supplier B,2022-12-04,True,2026-03-21 11:36:50.540965,2026-04-09 00:46:54.061399
457,Lenovo Sports Product 457,Sports,Lenovo,17219.03,22992.24,Supplier C,2023-10-01,True,2026-05-31 06:14:13.155093,2026-06-12 11:53:46.797588
458,Apple Groceries Product 458,Groceries,Apple,21964.48,28752.14,Supplier C,2023-10-26,True,2024-10-10 18:17:18.757878,2024-10-28 04:00:37.881912
459,Apple Groceries Product 459,Groceries,Apple,35567.87,39365.65,Supplier B,2021-10-29,True,2024-03-15 15:45:12.036835,2024-10-04 19:53:26.926323
460,Nike Sports Product 460,Sports,Nike,37050.43,46490.81,Supplier C,2026-07-14,True,2026-07-18 06:16:34.988136,2026-07-18 11:04:57.995949
461,Nike Home & Kitchen Product 461,Home & Kitchen,Nike,47927.28,56053.67,Supplier B,2026-03-20,True,2026-07-04 21:11:40.351849,2026-07-18 04:43:08.719772
462,Adidas Sports Product 462,Sports,Adidas,21663.51,24019.58,Supplier D,2025-07-08,True,2025-08-29 14:43:26.303113,2025-12-02 05:06:33.959928
463,Sony Clothing Product 463,Clothing,Sony,19502.91,25576.52,Supplier A,2025-09-16,True,2026-04-21 10:18:46.334387,2026-05-04 14:33:00.827029
464,LG Groceries Product 464,Groceries,LG,39995.17,50436.58,Supplier B,2025-02-02,True,2025-10-01 12:17:24.627310,2025-10-03 01:42:07.983928
465,LG Sports Product 465,Sports,LG,13191.43,17924.4,Supplier E,2021-12-15,True,2023-02-18 19:31:53.724646,2025-12-30 15:34:54.698343
466,Lenovo Groceries Product 466,Groceries,Lenovo,19687.95,22331.44,Supplier E,2024-04-21,True,2025-12-12 05:38:55.750430,2026-04-10 01:16:41.697715
467,Puma Sports Product 467,Sports,Puma,33712.08,45180.39,Supplier A,2022-02-12,True,2023-05-25 23:34:57.214561,2024-05-08 05:29:50.175753
468,Nike Electronics Product 468,Electronics,Nike,15727.97,18426.45,Supplier C,2021-10-19,True,2023-10-19 15:36:33.858595,2025-12-29 06:19:05.555260
469,Puma Clothing Product 469,Clothing,Puma,25590.16,31360.02,Supplier D,2023-11-06,True,2024-02-24 00:16:49.375671,2026-05-02 16:08:29.962919
470,Nike Beauty Product 470,Beauty,Nike,24384.84,30754.5,Supplier E,2024-07-18,True,2024-07-30 02:51:11.340173,2025-08-07 21:27:21.450077
471,Lenovo Books Product 471,Books,Lenovo,14512.86,16778.75,Supplier E,2022-10-09,True,2023-04-25 21:45:27.812681,2024-09-16 04:21:12.464051
472,Adidas Clothing Product 472,Clothing,Adidas,18016.05,19869.45,Supplier D,2024-08-20,False,2025-02-05 10:41:25.720165,2025-09-16 06:37:51.611569
473,Lenovo Beauty Product 473,Beauty,Lenovo,25321.36,31613.49,Supplier D,2024-11-18,True,2025-01-09 14:21:38.487814,2026-07-11 03:04:52.501978
474,Samsung Sports Product 474,Sports,Samsung,22248.2,25589.35,Supplier B,2021-11-24,True,2024-05-08 14:21:24.088570,2025-06-22 09:38:11.722884
475,Lenovo Clothing Product 475,Clothing,Lenovo,13815.16,17424.82,Supplier E,2026-07-03,True,2026-07-15 09:28:08.673313,2026-07-19 06:55:00.593251
476,Puma Electronics Product 476,Electronics,Puma,38319.39,48470.88,Supplier A,2023-11-29,True,2025-08-06 04:45:15.057035,2026-07-18 16:05:23.357553
477,Samsung Sports Product 477,Sports,Samsung,27201.0,38007.09,Supplier D,2022-10-30,True,2022-11-21 03:50:55.025663,2025-10-14 12:24:21.609921
478,Adidas Books Product 478,Books,Adidas,49489.81,55959.36,Supplier C,2023-04-14,True,2025-09-08 07:58:13.932937,2026-03-28 09:30:19.358588
479,Apple Books Product 479,Books,Apple,1708.3,2013.82,Supplier D,2025-06-02,True,2026-04-05 13:51:57.187946,2026-05-12 10:00:39.984907
480,Puma Clothing Product 480,Clothing,Puma,5957.56,8004.38,Supplier C,2021-10-13,True,2024-05-23 12:57:54.732535,2026-02-27 12:16:40.500436
481,Nike Sports Product 481,Sports,Nike,30552.06,37531.68,Supplier B,2022-06-08,True,2025-08-26 05:35:08.271044,2026-01-28 00:20:43.918644
482,Sony Sports Product 482,Sports,Sony,40291.48,51211.37,Supplier E,2025-01-14,True,2026-01-01 02:36:15.981329,2026-06-16 16:12:04.019674
483,Puma Groceries Product 483,Groceries,Puma,16250.32,21307.68,Supplier C,2021-11-16,False,2025-07-07 02:56:31.379095,2025-12-29 12:36:50.353194
484,Apple Books Product 484,Books,Apple,25769.31,35305.16,Supplier B,2023-01-11,False,2023-03-08 13:40:44.992506,2023-11-09 20:59:30.047526
485,Nike Groceries Product 485,Groceries,Nike,39305.98,54070.51,Supplier B,2021-10-08,True,2026-03-30 16:11:46.480555,2026-05-29 19:34:54.054376
486,Boat Books Product 486,Books,Boat,35598.6,48006.3,Supplier D,2026-07-05,True,2026-07-16 01:26:01.344110,2026-07-18 10:00:55.918189
487,Lenovo Home & Kitchen Product 487,Home & Kitchen,Lenovo,31656.86,40784.92,Supplier A,2025-04-30,True,2025-07-25 06:11:07.262242,2025-12-02 14:12:45.527318
488,Sony Sports Product 488,Sports,Sony,44018.24,49649.42,Supplier C,2025-06-19,True,2026-06-01 12:03:43.647972,2026-06-19 09:09:13.689038
489,Apple Books Product 489,Books,Apple,24453.42,31168.0,Supplier D,2022-03-08,True,2023-10-17 23:10:30.240741,2026-04-04 14:14:15.542417
490,HP Books Product 490,Books,HP,34894.72,47283.46,Supplier D,2025-04-12,True,2026-06-05 21:54:46.620686,2026-06-25 00:49:00.219245
491,LG Groceries Product 491,Groceries,LG,21539.19,25062.04,Supplier C,2026-06-06,True,2026-06-30 11:54:06.690490,2026-07-12 20:52:22.176632
492,LG Home & Kitchen Product 492,Home & Kitchen,LG,28938.89,36747.84,Supplier A,2026-03-08,True,2026-05-19 08:52:26.988205,2026-07-12 01:03:40.545256
493,Apple Electronics Product 493,Electronics,Apple,31346.36,42349.27,Supplier B,2025-03-13,True,2025-04-21 09:55:27.933679,2026-01-23 12:19:53.985115
494,Nike Clothing Product 494,Clothing,Nike,133.73,185.54,Supplier C,2025-09-03,True,2026-02-27 11:30:02.797294,2026-04-15 23:34:34.599783
495,LG Beauty Product 495,Beauty,LG,46643.01,55141.64,Supplier C,2021-12-17,True,2025-01-01 05:56:29.496600,2025-06-24 23:40:51.682604
496,Boat Electronics Product 496,Electronics,Boat,33258.99,43059.53,Supplier C,2024-07-28,True,2025-06-02 22:37:23.872209,2026-03-17 20:48:33.623337
497,Apple Electronics Product 497,Electronics,Apple,37786.08,46430.37,Supplier A,2023-04-27,True,2023-06-16 04:57:12.889517,2026-02-27 20:06:47.549605
498,Lenovo Sports Product 498,Sports,Lenovo,3989.14,5098.54,Supplier A,2023-04-29,True,2026-07-23 04:16:33.786339,2026-07-23 18:41:48.398481
499,Boat Books Product 499,Books,Boat,17244.35,19592.65,Supplier B,2026-06-18,True,2026-07-23 10:04:52.224041,2026-07-23 13:35:13.173539
500,Apple Books Product 500,Books,Apple,11524.45,12985.74,Supplier A,2024-09-30,True,2025-05-29 00:12:14.582548,2026-05-02 08:35:26.464029
