return_id,order_id,return_date,return_reason,refund_amount,created_at,updated_at
1,3443,2024-10-16 12:52:50.169233,Damaged Product,39952.69,2024-10-16 12:52:50.169233,2024-10-16 12:52:50.169233
2,6972,2026-03-09 21:22:48.795426,Size Issue,184079.84,2026-03-09 21:22:48.795426,2026-03-09 21:22:48.795426
3,3213,2025-01-31 15:59:44.389639,Wrong Item,5437.97,2025-01-31 15:59:44.389639,2025-01-31 15:59:44.389639
4,2449,2025-10-02 05:13:45.220860,Damaged Product,49201.39,2025-10-02 05:13:45.220860,2025-10-02 05:13:45.220860
5,5918,2026-03-17 11:50:12.042570,Changed Mind,113704.63,2026-03-17 11:50:12.042570,2026-03-17 11:50:12.042570
6,2019,2025-03-14 18:20:20.021006,Changed Mind,149935.94,2025-03-14 18:20:20.021006,2025-03-14 18:20:20.021006
7,9925,2026-03-13 21:33:12.997879,Damaged Product,195236.04,2026-03-13 21:33:12.997879,2026-03-13 21:33:12.997879
8,1259,2024-07-27 19:27:30.989862,Damaged Product,211132.26,2024-07-27 19:27:30.989862,2024-07-27 19:27:30.989862
9,8826,2025-12-15 15:46:53.742334,Wrong Item,151313.55,2025-12-15 15:46:53.742334,2025-12-15 15:46:53.742334
10,4338,2026-02-23 07:40:49.848198,Changed Mind,246872.26,2026-02-23 07:40:49.848198,2026-02-23 07:40:49.848198
11,2075,2025-01-09 23:07:35.363803,Changed Mind,12548.23,2025-01-09 23:07:35.363803,2025-01-09 23:07:35.363803
12,5420,2025-02-13 23:35:08.223817,Changed Mind,143864.96,2025-02-13 23:35:08.223817,2025-02-13 23:35:08.223817
13,3905,2026-04-15 01:08:28.945122,Wrong Item,265491.96,2026-04-15 01:08:28.945122,2026-04-15 01:08:28.945122
14,3782,2025-05-25 09:39:52.710541,Changed Mind,295864.71,2025-05-25 09:39:52.710541,2025-05-25 09:39:52.710541
15,6139,2025-04-03 03:47:06.941959,Damaged Product,130211.43,2025-04-03 03:47:06.941959,2025-04-03 03:47:06.941959
16,9824,2026-03-06 07:40:56.568217,Wrong Item,153018.43,2026-03-06 07:40:56.568217,2026-03-06 07:40:56.568217
17,683,2026-02-14 10:41:58.701343,Defective,157471.61,2026-02-14 10:41:58.701343,2026-02-14 10:41:58.701343
18,5803,2025-09-16 22:47:21.256790,Size Issue,101674.54,2025-09-16 22:47:21.256790,2025-09-16 22:47:21.256790
19,9418,2026-02-15 04:57:30.824279,Wrong Item,224732.49,2026-02-15 04:57:30.824279,2026-02-15 04:57:30.824279
20,6569,2025-09-19 07:14:47.506579,Size Issue,101479.45,2025-09-19 07:14:47.506579,2025-09-19 07:14:47.506579
21,9314,2026-05-07 01:49:54.912509,Damaged Product,146761.69,2026-05-07 01:49:54.912509,2026-05-07 01:49:54.912509
22,9235,2025-08-03 13:24:04.036855,Damaged Product,41621.4,2025-08-03 13:24:04.036855,2025-08-03 13:24:04.036855
23,300,2024-08-07 10:03:58.076894,Size Issue,279311.84,2024-08-07 10:03:58.076894,2024-08-07 10:03:58.076894
24,2698,2026-05-01 17:23:35.513775,Size Issue,302676.04,2026-05-01 17:23:35.513775,2026-05-01 17:23:35.513775
25,4226,2026-02-05 14:55:13.332274,Damaged Product,161040.78,2026-02-05 14:55:13.332274,2026-02-05 14:55:13.332274
26,4905,2024-10-28 19:07:20.657219,Defective,3284.61,2024-10-28 19:07:20.657219,2024-10-28 19:07:20.657219
27,8275,2025-08-04 22:52:18.633975,Damaged Product,331442.38,2025-08-04 22:52:18.633975,2025-08-04 22:52:18.633975
28,7542,2025-11-25 13:31:35.648565,Defective,167141.75,2025-11-25 13:31:35.648565,2025-11-25 13:31:35.648565
29,4430,2025-05-25 09:10:30.873514,Changed Mind,276304.34,2025-05-25 09:10:30.873514,2025-05-25 09:10:30.873514
30,2942,2025-03-28 23:57:17.780519,Changed Mind,158398.08,2025-03-28 23:57:17.780519,2025-03-28 23:57:17.780519
31,7594,2024-10-02 22:05:46.175031,Size Issue,29955.41,2024-10-02 22:05:46.175031,2024-10-02 22:05:46.175031
32,2541,2026-02-28 09:21:46.107623,Wrong Item,47185.09,2026-02-28 09:21:46.107623,2026-02-28 09:21:46.107623
33,1766,2025-09-19 04:23:50.678378,Damaged Product,365566.15,2025-09-19 04:23:50.678378,2025-09-19 04:23:50.678378
34,742,2024-09-22 11:49:52.977202,Wrong Item,101097.87,2024-09-22 11:49:52.977202,2024-09-22 11:49:52.977202
35,6238,2025-11-21 00:15:11.273647,Size Issue,218498.35,2025-11-21 00:15:11.273647,2025-11-21 00:15:11.273647
36,4582,2026-07-05 13:15:26.988082,Wrong Item,205891.66,2026-07-05 13:15:26.988082,2026-07-05 13:15:26.988082
37,6721,2026-06-13 13:39:14.120408,Damaged Product,162836.3,2026-06-13 13:39:14.120408,2026-06-13 13:39:14.120408
38,7117,2026-04-20 16:06:19.655306,Size Issue,159157.05,2026-04-20 16:06:19.655306,2026-04-20 16:06:19.655306
39,9438,2026-06-09 00:28:51.444768,Size Issue,225898.96,2026-06-09 00:28:51.444768,2026-06-09 00:28:51.444768
40,3630,2024-12-18 05:48:04.383996,Size Issue,247411.99,2024-12-18 05:48:04.383996,2024-12-18 05:48:04.383996
41,6088,2025-12-05 20:03:02.034976,Wrong Item,143088.21,2025-12-05 20:03:02.034976,2025-12-05 20:03:02.034976
42,2407,2026-05-20 03:33:40.597358,Size Issue,174282.78,2026-05-20 03:33:40.597358,2026-05-20 03:33:40.597358
43,329,2024-09-29 02:52:28.978129,Damaged Product,60656.94,2024-09-29 02:52:28.978129,2024-09-29 02:52:28.978129
44,9094,2025-02-10 10:05:49.155832,Wrong Item,81483.75,2025-02-10 10:05:49.155832,2025-02-10 10:05:49.155832
45,9527,2025-09-27 03:03:07.795099,Wrong Item,160522.3,2025-09-27 03:03:07.795099,2025-09-27 03:03:07.795099
46,4793,2024-08-23 01:45:56.907645,Defective,99023.03,2024-08-23 01:45:56.907645,2024-08-23 01:45:56.907645
47,5234,2025-07-18 08:02:41.696789,Size Issue,207954.18,2025-07-18 08:02:41.696789,2025-07-18 08:02:41.696789
48,278,2026-04-22 03:02:04.537020,Changed Mind,197004.7,2026-04-22 03:02:04.537020,2026-04-22 03:02:04.537020
49,812,2025-12-11 09:01:56.276060,Size Issue,102959.21,2025-12-11 09:01:56.276060,2025-12-11 09:01:56.276060
50,7252,2025-12-23 12:20:04.439056,Damaged Product,162536.92,2025-12-23 12:20:04.439056,2025-12-23 12:20:04.439056
51,406,2025-06-26 14:59:05.726955,Damaged Product,174901.35,2025-06-26 14:59:05.726955,2025-06-26 14:59:05.726955
52,3796,2024-08-14 01:49:37.244494,Size Issue,437245.77,2024-08-14 01:49:37.244494,2024-08-14 01:49:37.244494
53,8792,2026-01-08 07:39:26.990926,Size Issue,110936.59,2026-01-08 07:39:26.990926,2026-01-08 07:39:26.990926
54,8242,2025-07-19 10:00:54.372909,Wrong Item,195212.71,2025-07-19 10:00:54.372909,2025-07-19 10:00:54.372909
55,652,2026-04-06 13:00:44.924924,Changed Mind,143689.69,2026-04-06 13:00:44.924924,2026-04-06 13:00:44.924924
56,3783,2025-11-30 16:39:21.137662,Size Issue,237117.1,2025-11-30 16:39:21.137662,2025-11-30 16:39:21.137662
57,4767,2026-04-17 02:11:23.598024,Defective,1430.13,2026-04-17 02:11:23.598024,2026-04-17 02:11:23.598024
58,9956,2026-03-28 01:05:31.382210,Defective,168508.73,2026-03-28 01:05:31.382210,2026-03-28 01:05:31.382210
59,5210,2026-02-15 14:53:29.879571,Size Issue,221065.9,2026-02-15 14:53:29.879571,2026-02-15 14:53:29.879571
60,1418,2025-02-02 01:37:15.994894,Wrong Item,156597.56,2025-02-02 01:37:15.994894,2025-02-02 01:37:15.994894
61,8915,2024-08-30 03:06:07.202926,Changed Mind,97852.33,2024-08-30 03:06:07.202926,2024-08-30 03:06:07.202926
62,9773,2024-12-10 19:31:44.885309,Size Issue,164210.64,2024-12-10 19:31:44.885309,2024-12-10 19:31:44.885309
63,4418,2026-06-18 10:56:17.515791,Changed Mind,30643.81,2026-06-18 10:56:17.515791,2026-06-18 10:56:17.515791
64,8489,2024-08-01 11:29:51.811605,Changed Mind,217210.59,2024-08-01 11:29:51.811605,2024-08-01 11:29:51.811605
65,427,2024-09-19 23:37:16.911462,Size Issue,200715.97,2024-09-19 23:37:16.911462,2024-09-19 23:37:16.911462
66,2177,2026-04-09 09:53:32.952038,Wrong Item,246180.85,2026-04-09 09:53:32.952038,2026-04-09 09:53:32.952038
67,7383,2026-06-03 11:29:33.646097,Defective,295709.81,2026-06-03 11:29:33.646097,2026-06-03 11:29:33.646097
68,3150,2024-12-20 03:45:19.220043,Damaged Product,120030.16,2024-12-20 03:45:19.220043,2024-12-20 03:45:19.220043
69,8031,2024-08-28 00:58:51.083820,Damaged Product,51880.77,2024-08-28 00:58:51.083820,2024-08-28 00:58:51.083820
70,8438,2026-01-14 05:29:22.008683,Wrong Item,44219.72,2026-01-14 05:29:22.008683,2026-01-14 05:29:22.008683
71,2375,2025-07-07 13:17:49.132449,Defective,314797.45,2025-07-07 13:17:49.132449,2025-07-07 13:17:49.132449
72,4889,2025-05-25 08:17:22.588271,Damaged Product,191345.63,2025-05-25 08:17:22.588271,2025-05-25 08:17:22.588271
73,9989,2025-12-20 21:36:14.418290,Defective,281519.98,2025-12-20 21:36:14.418290,2025-12-20 21:36:14.418290
74,2168,2025-12-26 14:29:27.908232,Defective,212752.38,2025-12-26 14:29:27.908232,2025-12-26 14:29:27.908232
75,8738,2026-03-22 11:57:19.783465,Size Issue,51380.3,2026-03-22 11:57:19.783465,2026-03-22 11:57:19.783465
76,3013,2025-07-23 05:07:07.021684,Damaged Product,108915.22,2025-07-23 05:07:07.021684,2025-07-23 05:07:07.021684
77,9995,2026-07-05 01:38:42.897114,Damaged Product,177791.69,2026-07-05 01:38:42.897114,2026-07-05 01:38:42.897114
78,1268,2025-04-13 02:22:46.917038,Changed Mind,257442.9,2025-04-13 02:22:46.917038,2025-04-13 02:22:46.917038
79,9470,2026-04-21 23:31:49.019108,Size Issue,66964.72,2026-04-21 23:31:49.019108,2026-04-21 23:31:49.019108
80,9494,2026-04-27 18:46:52.931496,Size Issue,33853.94,2026-04-27 18:46:52.931496,2026-04-27 18:46:52.931496
81,8787,2024-11-16 15:01:06.408896,Size Issue,241441.57,2024-11-16 15:01:06.408896,2024-11-16 15:01:06.408896
82,3219,2026-04-25 22:11:32.263493,Wrong Item,178935.06,2026-04-25 22:11:32.263493,2026-04-25 22:11:32.263493
83,4813,2025-10-01 23:45:46.264010,Damaged Product,285464.01,2025-10-01 23:45:46.264010,2025-10-01 23:45:46.264010
84,9126,2024-11-24 18:29:22.470272,Size Issue,344485.68,2024-11-24 18:29:22.470272,2024-11-24 18:29:22.470272
85,5535,2026-05-14 12:31:55.336631,Wrong Item,135736.28,2026-05-14 12:31:55.336631,2026-05-14 12:31:55.336631
86,4789,2025-08-24 20:08:30.014915,Damaged Product,289949.19,2025-08-24 20:08:30.014915,2025-08-24 20:08:30.014915
87,5132,2025-03-10 01:58:55.165030,Size Issue,325152.43,2025-03-10 01:58:55.165030,2025-03-10 01:58:55.165030
88,8694,2026-07-31 16:27:12.340408,Changed Mind,393654.78,2026-07-31 16:27:12.340408,2026-07-31 16:27:12.340408
89,3462,2026-02-09 13:53:53.336834,Wrong Item,146481.63,2026-02-09 13:53:53.336834,2026-02-09 13:53:53.336834
90,7362,2025-05-08 19:18:20.240989,Size Issue,267454.6,2025-05-08 19:18:20.240989,2025-05-08 19:18:20.240989
91,6310,2024-09-26 07:50:52.566622,Wrong Item,387078.13,2024-09-26 07:50:52.566622,2024-09-26 07:50:52.566622
92,4661,2026-04-07 09:03:12.030224,Changed Mind,81074.24,2026-04-07 09:03:12.030224,2026-04-07 09:03:12.030224
93,612,2025-11-30 20:10:15.581122,Damaged Product,253328.12,2025-11-30 20:10:15.581122,2025-11-30 20:10:15.581122
94,5439,2025-07-27 20:32:30.928014,Size Issue,515202.56,2025-07-27 20:32:30.928014,2025-07-27 20:32:30.928014
95,1470,2026-07-04 16:09:23.789884,Damaged Product,54334.58,2026-07-04 16:09:23.789884,2026-07-04 16:09:23.789884
96,7379,2026-03-26 14:00:08.614336,Size Issue,102609.45,2026-03-26 14:00:08.614336,2026-03-26 14:00:08.614336
97,5023,2025-10-12 23:27:38.458682,Size Issue,64629.75,2025-10-12 23:27:38.458682,2025-10-12 23:27:38.458682
98,4050,2024-10-02 07:58:38.392000,Damaged Product,114340.07,2024-10-02 07:58:38.392000,2024-10-02 07:58:38.392000
99,2083,2026-06-20 20:31:18.257071,Changed Mind,229987.72,2026-06-20 20:31:18.257071,2026-06-20 20:31:18.257071
100,8530,2025-05-13 13:51:01.421837,Damaged Product,222978.52,2025-05-13 13:51:01.421837,2025-05-13 13:51:01.421837
101,4892,2024-09-14 22:56:55.640612,Defective,225928.73,2024-09-14 22:56:55.640612,2024-09-14 22:56:55.640612
102,5414,2026-04-02 16:26:21.026300,Damaged Product,338367.97,2026-04-02 16:26:21.026300,2026-04-02 16:26:21.026300
103,8216,2025-07-22 16:49:21.391300,Changed Mind,171841.1,2025-07-22 16:49:21.391300,2025-07-22 16:49:21.391300
104,3231,2025-11-08 23:05:25.249029,Wrong Item,74699.67,2025-11-08 23:05:25.249029,2025-11-08 23:05:25.249029
105,9014,2025-02-17 18:43:43.788453,Defective,7135.81,2025-02-17 18:43:43.788453,2025-02-17 18:43:43.788453
106,3010,2024-10-12 00:12:25.228226,Wrong Item,160440.57,2024-10-12 00:12:25.228226,2024-10-12 00:12:25.228226
107,7265,2026-03-27 09:47:47.836403,Changed Mind,306027.46,2026-03-27 09:47:47.836403,2026-03-27 09:47:47.836403
108,2657,2026-02-27 22:52:24.402818,Changed Mind,5333.24,2026-02-27 22:52:24.402818,2026-02-27 22:52:24.402818
109,5630,2026-06-16 13:36:21.152301,Wrong Item,356191.89,2026-06-16 13:36:21.152301,2026-06-16 13:36:21.152301
110,617,2025-11-08 04:55:03.840196,Changed Mind,180180.18,2025-11-08 04:55:03.840196,2025-11-08 04:55:03.840196
111,9017,2026-02-12 06:35:52.127353,Wrong Item,545640.06,2026-02-12 06:35:52.127353,2026-02-12 06:35:52.127353
112,2266,2025-04-30 14:50:40.189309,Size Issue,99572.29,2025-04-30 14:50:40.189309,2025-04-30 14:50:40.189309
113,9746,2024-11-25 11:51:34.202830,Size Issue,218117.12,2024-11-25 11:51:34.202830,2024-11-25 11:51:34.202830
114,1482,2026-06-26 01:47:57.449703,Changed Mind,167037.99,2026-06-26 01:47:57.449703,2026-06-26 01:47:57.449703
115,2306,2025-04-18 19:17:15.426623,Damaged Product,288520.93,2025-04-18 19:17:15.426623,2025-04-18 19:17:15.426623
116,1923,2024-08-01 12:48:42.891264,Wrong Item,19867.08,2024-08-01 12:48:42.891264,2024-08-01 12:48:42.891264
117,3363,2025-10-25 16:26:45.845547,Size Issue,87823.0,2025-10-25 16:26:45.845547,2025-10-25 16:26:45.845547
118,2134,2025-11-12 04:21:14.157047,Changed Mind,174177.94,2025-11-12 04:21:14.157047,2025-11-12 04:21:14.157047
119,6521,2026-04-03 10:37:31.191719,Wrong Item,233610.47,2026-04-03 10:37:31.191719,2026-04-03 10:37:31.191719
120,1777,2026-06-14 12:12:23.826007,Wrong Item,413458.26,2026-06-14 12:12:23.826007,2026-06-14 12:12:23.826007
121,4823,2024-08-04 21:50:51.188087,Damaged Product,1361.02,2024-08-04 21:50:51.188087,2024-08-04 21:50:51.188087
122,1969,2024-11-15 12:25:38.357600,Damaged Product,181236.0,2024-11-15 12:25:38.357600,2024-11-15 12:25:38.357600
123,9142,2026-03-19 05:02:59.723448,Damaged Product,205130.32,2026-03-19 05:02:59.723448,2026-03-19 05:02:59.723448
124,9726,2025-10-08 03:31:41.160732,Damaged Product,282638.44,2025-10-08 03:31:41.160732,2025-10-08 03:31:41.160732
125,8955,2025-08-24 14:18:14.597938,Size Issue,241047.06,2025-08-24 14:18:14.597938,2025-08-24 14:18:14.597938
126,4895,2025-07-13 16:57:56.847961,Changed Mind,477615.76,2025-07-13 16:57:56.847961,2025-07-13 16:57:56.847961
127,8677,2024-11-13 06:44:47.636475,Size Issue,51924.22,2024-11-13 06:44:47.636475,2024-11-13 06:44:47.636475
128,9740,2025-03-30 05:40:02.761811,Defective,179400.91,2025-03-30 05:40:02.761811,2025-03-30 05:40:02.761811
129,1332,2025-12-21 08:57:06.690784,Changed Mind,113125.91,2025-12-21 08:57:06.690784,2025-12-21 08:57:06.690784
130,547,2026-03-27 14:19:37.793645,Changed Mind,38095.36,2026-03-27 14:19:37.793645,2026-03-27 14:19:37.793645
131,4375,2025-07-28 07:38:04.247349,Defective,43951.28,2025-07-28 07:38:04.247349,2025-07-28 07:38:04.247349
132,1206,2025-08-06 03:38:17.097282,Defective,155794.9,2025-08-06 03:38:17.097282,2025-08-06 03:38:17.097282
133,2929,2025-12-26 02:58:40.071992,Defective,107021.78,2025-12-26 02:58:40.071992,2025-12-26 02:58:40.071992
134,9491,2025-06-08 06:11:35.687895,Damaged Product,110216.96,2025-06-08 06:11:35.687895,2025-06-08 06:11:35.687895
135,4456,2024-09-22 16:58:26.953661,Defective,189913.84,2024-09-22 16:58:26.953661,2024-09-22 16:58:26.953661
136,635,2025-01-27 23:25:32.562496,Defective,3224.89,2025-01-27 23:25:32.562496,2025-01-27 23:25:32.562496
137,2901,2026-03-08 07:37:56.324894,Defective,167918.0,2026-03-08 07:37:56.324894,2026-03-08 07:37:56.324894
138,4325,2026-06-01 09:56:39.492626,Damaged Product,207812.91,2026-06-01 09:56:39.492626,2026-06-01 09:56:39.492626
139,6236,2024-09-28 00:06:07.101228,Damaged Product,145645.78,2024-09-28 00:06:07.101228,2024-09-28 00:06:07.101228
140,888,2026-06-08 01:17:18.459486,Defective,82069.37,2026-06-08 01:17:18.459486,2026-06-08 01:17:18.459486
141,6980,2024-10-30 23:52:46.463420,Size Issue,254855.76,2024-10-30 23:52:46.463420,2024-10-30 23:52:46.463420
142,5603,2025-06-01 10:00:40.874125,Damaged Product,90817.98,2025-06-01 10:00:40.874125,2025-06-01 10:00:40.874125
143,3731,2026-06-16 12:05:52.114141,Wrong Item,70891.97,2026-06-16 12:05:52.114141,2026-06-16 12:05:52.114141
144,8501,2025-10-23 04:11:08.401252,Changed Mind,87134.23,2025-10-23 04:11:08.401252,2025-10-23 04:11:08.401252
145,628,2026-05-18 10:10:59.158420,Wrong Item,198436.43,2026-05-18 10:10:59.158420,2026-05-18 10:10:59.158420
146,2509,2025-05-30 10:52:19.866220,Wrong Item,107151.11,2025-05-30 10:52:19.866220,2025-05-30 10:52:19.866220
147,7310,2025-02-26 17:49:10.373652,Defective,82571.21,2025-02-26 17:49:10.373652,2025-02-26 17:49:10.373652
148,6415,2025-03-22 03:44:07.037169,Damaged Product,373233.73,2025-03-22 03:44:07.037169,2025-03-22 03:44:07.037169
149,9400,2026-03-16 00:21:59.724732,Changed Mind,155916.16,2026-03-16 00:21:59.724732,2026-03-16 00:21:59.724732
150,1661,2024-09-29 07:36:00.884179,Damaged Product,187659.62,2024-09-29 07:36:00.884179,2024-09-29 07:36:00.884179
151,7946,2026-08-04 01:15:06.485126,Changed Mind,46106.39,2026-08-04 01:15:06.485126,2026-08-04 01:15:06.485126
152,7828,2026-03-21 09:48:34.246085,Damaged Product,329921.36,2026-03-21 09:48:34.246085,2026-03-21 09:48:34.246085
153,2495,2025-10-29 11:03:09.201544,Wrong Item,95784.43,2025-10-29 11:03:09.201544,2025-10-29 11:03:09.201544
154,5400,2024-11-16 21:47:09.258252,Defective,117592.39,2024-11-16 21:47:09.258252,2024-11-16 21:47:09.258252
155,4658,2024-10-19 05:19:05.366517,Defective,121943.09,2024-10-19 05:19:05.366517,2024-10-19 05:19:05.366517
156,4179,2025-06-10 18:14:39.817595,Defective,126344.95,2025-06-10 18:14:39.817595,2025-06-10 18:14:39.817595
157,2943,2025-07-21 04:28:34.033662,Damaged Product,95525.57,2025-07-21 04:28:34.033662,2025-07-21 04:28:34.033662
158,590,2025-12-24 00:31:42.578706,Defective,441364.42,2025-12-24 00:31:42.578706,2025-12-24 00:31:42.578706
159,29,2024-11-28 00:25:20.281168,Defective,1159.49,2024-11-28 00:25:20.281168,2024-11-28 00:25:20.281168
160,2585,2025-10-23 16:02:03.149171,Defective,179251.02,2025-10-23 16:02:03.149171,2025-10-23 16:02:03.149171
161,759,2025-09-22 05:49:22.087067,Defective,530776.05,2025-09-22 05:49:22.087067,2025-09-22 05:49:22.087067
162,580,2026-02-08 11:24:08.959506,Changed Mind,175980.7,2026-02-08 11:24:08.959506,2026-02-08 11:24:08.959506
163,9762,2024-11-05 21:16:27.128157,Defective,144352.87,2024-11-05 21:16:27.128157,2024-11-05 21:16:27.128157
164,1399,2025-05-20 22:53:04.562571,Wrong Item,49262.39,2025-05-20 22:53:04.562571,2025-05-20 22:53:04.562571
165,6554,2025-02-14 12:33:56.023240,Wrong Item,167657.17,2025-02-14 12:33:56.023240,2025-02-14 12:33:56.023240
166,8049,2025-04-12 02:12:52.002136,Changed Mind,426051.7,2025-04-12 02:12:52.002136,2025-04-12 02:12:52.002136
167,6171,2026-05-19 20:27:36.279597,Changed Mind,217155.64,2026-05-19 20:27:36.279597,2026-05-19 20:27:36.279597
168,2884,2026-05-05 15:42:14.704149,Size Issue,376273.92,2026-05-05 15:42:14.704149,2026-05-05 15:42:14.704149
169,90,2025-05-31 10:04:43.563766,Damaged Product,357084.59,2025-05-31 10:04:43.563766,2025-05-31 10:04:43.563766
170,5111,2026-03-02 17:49:21.694571,Defective,269393.9,2026-03-02 17:49:21.694571,2026-03-02 17:49:21.694571
171,9165,2024-11-05 10:56:52.220291,Changed Mind,178518.84,2024-11-05 10:56:52.220291,2024-11-05 10:56:52.220291
172,1154,2026-07-21 16:35:21.489650,Damaged Product,5051.76,2026-07-21 16:35:21.489650,2026-07-21 16:35:21.489650
173,1745,2026-04-07 21:37:33.092462,Damaged Product,137490.12,2026-04-07 21:37:33.092462,2026-04-07 21:37:33.092462
174,1671,2025-10-12 00:23:36.994916,Wrong Item,92065.33,2025-10-12 00:23:36.994916,2025-10-12 00:23:36.994916
175,1159,2025-08-23 04:52:46.915595,Changed Mind,214900.31,2025-08-23 04:52:46.915595,2025-08-23 04:52:46.915595
176,7613,2025-06-23 07:56:18.417949,Wrong Item,154578.65,2025-06-23 07:56:18.417949,2025-06-23 07:56:18.417949
177,6740,2024-12-05 16:20:27.219425,Damaged Product,39381.75,2024-12-05 16:20:27.219425,2024-12-05 16:20:27.219425
178,4455,2024-08-31 01:18:12.247850,Changed Mind,64460.65,2024-08-31 01:18:12.247850,2024-08-31 01:18:12.247850
179,1246,2026-07-02 06:57:29.348425,Changed Mind,19046.95,2026-07-02 06:57:29.348425,2026-07-02 06:57:29.348425
180,7890,2025-06-26 03:46:03.482341,Damaged Product,7375.65,2025-06-26 03:46:03.482341,2025-06-26 03:46:03.482341
181,5308,2024-11-22 00:33:30.639950,Damaged Product,179354.26,2024-11-22 00:33:30.639950,2024-11-22 00:33:30.639950
182,5559,2026-04-04 07:24:44.407206,Changed Mind,48717.21,2026-04-04 07:24:44.407206,2026-04-04 07:24:44.407206
183,4628,2025-10-16 06:03:40.511515,Changed Mind,109232.68,2025-10-16 06:03:40.511515,2025-10-16 06:03:40.511515
184,3207,2025-09-07 18:15:43.049277,Size Issue,393569.4,2025-09-07 18:15:43.049277,2025-09-07 18:15:43.049277
185,7182,2026-04-03 05:15:04.132340,Size Issue,26665.42,2026-04-03 05:15:04.132340,2026-04-03 05:15:04.132340
186,5558,2025-11-17 22:21:03.678406,Size Issue,308117.54,2025-11-17 22:21:03.678406,2025-11-17 22:21:03.678406
187,8324,2024-12-24 01:05:08.338742,Wrong Item,114044.18,2024-12-24 01:05:08.338742,2024-12-24 01:05:08.338742
188,1947,2024-12-04 03:35:28.377562,Size Issue,69377.33,2024-12-04 03:35:28.377562,2024-12-04 03:35:28.377562
189,2827,2026-06-08 14:19:36.646887,Size Issue,267992.5,2026-06-08 14:19:36.646887,2026-06-08 14:19:36.646887
190,891,2026-07-25 23:48:20.627737,Damaged Product,43244.11,2026-07-25 23:48:20.627737,2026-07-25 23:48:20.627737
191,2157,2026-02-04 19:39:03.112755,Defective,120647.81,2026-02-04 19:39:03.112755,2026-02-04 19:39:03.112755
192,8948,2025-12-10 19:47:18.488812,Changed Mind,195778.76,2025-12-10 19:47:18.488812,2025-12-10 19:47:18.488812
193,2277,2024-10-05 22:44:59.075487,Damaged Product,123678.06,2024-10-05 22:44:59.075487,2024-10-05 22:44:59.075487
194,922,2025-09-03 20:59:05.856560,Wrong Item,14598.75,2025-09-03 20:59:05.856560,2025-09-03 20:59:05.856560
195,1569,2025-04-02 03:41:48.067021,Size Issue,167338.39,2025-04-02 03:41:48.067021,2025-04-02 03:41:48.067021
196,3381,2025-06-11 08:08:09.639130,Size Issue,165598.6,2025-06-11 08:08:09.639130,2025-06-11 08:08:09.639130
197,3218,2025-06-01 18:57:43.809702,Damaged Product,73638.31,2025-06-01 18:57:43.809702,2025-06-01 18:57:43.809702
198,4399,2025-03-13 18:22:42.457345,Wrong Item,360043.05,2025-03-13 18:22:42.457345,2025-03-13 18:22:42.457345
199,7713,2025-12-27 18:19:13.399676,Size Issue,41359.17,2025-12-27 18:19:13.399676,2025-12-27 18:19:13.399676
200,4310,2025-04-17 23:43:45.779122,Defective,116606.96,2025-04-17 23:43:45.779122,2025-04-17 23:43:45.779122
201,8067,2026-04-19 09:38:42.492883,Changed Mind,335481.94,2026-04-19 09:38:42.492883,2026-04-19 09:38:42.492883
202,7547,2025-10-05 11:33:12.713326,Size Issue,333364.91,2025-10-05 11:33:12.713326,2025-10-05 11:33:12.713326
203,598,2025-03-29 05:46:53.399925,Changed Mind,248031.5,2025-03-29 05:46:53.399925,2025-03-29 05:46:53.399925
204,6101,2024-10-21 07:07:11.939799,Changed Mind,32128.1,2024-10-21 07:07:11.939799,2024-10-21 07:07:11.939799
205,7852,2025-08-12 20:22:07.084899,Damaged Product,35467.33,2025-08-12 20:22:07.084899,2025-08-12 20:22:07.084899
206,4927,2025-11-23 05:50:34.036360,Wrong Item,467430.22,2025-11-23 05:50:34.036360,2025-11-23 05:50:34.036360
207,4970,2026-03-13 16:47:16.701967,Damaged Product,210406.85,2026-03-13 16:47:16.701967,2026-03-13 16:47:16.701967
208,130,2025-02-18 17:28:04.950738,Damaged Product,63717.48,2025-02-18 17:28:04.950738,2025-02-18 17:28:04.950738
209,402,2025-10-08 18:00:43.509330,Changed Mind,279242.84,2025-10-08 18:00:43.509330,2025-10-08 18:00:43.509330
210,2373,2026-04-22 03:56:43.405252,Size Issue,142925.11,2026-04-22 03:56:43.405252,2026-04-22 03:56:43.405252
211,2301,2026-04-16 02:10:53.115140,Changed Mind,366177.89,2026-04-16 02:10:53.115140,2026-04-16 02:10:53.115140
212,8519,2025-08-29 11:31:41.423743,Size Issue,80191.15,2025-08-29 11:31:41.423743,2025-08-29 11:31:41.423743
213,8702,2025-08-19 10:18:38.892397,Size Issue,87647.88,2025-08-19 10:18:38.892397,2025-08-19 10:18:38.892397
214,9761,2024-12-09 09:48:37.457555,Defective,103354.15,2024-12-09 09:48:37.457555,2024-12-09 09:48:37.457555
215,9974,2025-01-29 02:45:25.479693,Damaged Product,60360.68,2025-01-29 02:45:25.479693,2025-01-29 02:45:25.479693
216,3077,2026-07-09 08:58:16.878906,Defective,175582.02,2026-07-09 08:58:16.878906,2026-07-09 08:58:16.878906
217,8123,2024-09-23 03:44:09.493349,Size Issue,207644.89,2024-09-23 03:44:09.493349,2024-09-23 03:44:09.493349
218,2947,2025-06-13 22:53:01.254780,Damaged Product,202649.24,2025-06-13 22:53:01.254780,2025-06-13 22:53:01.254780
219,2499,2025-03-19 04:37:37.775114,Wrong Item,168056.91,2025-03-19 04:37:37.775114,2025-03-19 04:37:37.775114
220,4657,2025-07-06 09:18:30.729637,Size Issue,69315.83,2025-07-06 09:18:30.729637,2025-07-06 09:18:30.729637
221,6280,2025-03-15 23:49:27.509020,Defective,73127.21,2025-03-15 23:49:27.509020,2025-03-15 23:49:27.509020
222,7732,2025-07-14 10:32:31.491648,Defective,93240.67,2025-07-14 10:32:31.491648,2025-07-14 10:32:31.491648
223,4855,2025-03-14 09:37:02.724994,Damaged Product,238246.74,2025-03-14 09:37:02.724994,2025-03-14 09:37:02.724994
224,5691,2025-06-27 12:42:33.992234,Damaged Product,243017.38,2025-06-27 12:42:33.992234,2025-06-27 12:42:33.992234
225,8490,2024-11-15 18:56:40.584780,Wrong Item,200438.18,2024-11-15 18:56:40.584780,2024-11-15 18:56:40.584780
226,2341,2026-06-09 01:38:48.892705,Damaged Product,265306.24,2026-06-09 01:38:48.892705,2026-06-09 01:38:48.892705
227,2794,2025-10-15 05:47:15.511406,Size Issue,281001.52,2025-10-15 05:47:15.511406,2025-10-15 05:47:15.511406
228,6296,2024-11-27 14:59:52.950983,Changed Mind,123163.85,2024-11-27 14:59:52.950983,2024-11-27 14:59:52.950983
229,5069,2025-05-07 12:16:11.138491,Defective,241208.93,2025-05-07 12:16:11.138491,2025-05-07 12:16:11.138491
230,2828,2026-02-21 18:58:14.489425,Damaged Product,267357.59,2026-02-21 18:58:14.489425,2026-02-21 18:58:14.489425
231,3942,2026-07-10 10:28:21.412337,Size Issue,181142.73,2026-07-10 10:28:21.412337,2026-07-10 10:28:21.412337
232,4792,2025-01-16 09:40:07.322874,Damaged Product,335390.18,2025-01-16 09:40:07.322874,2025-01-16 09:40:07.322874
233,1912,2025-07-11 22:46:54.517637,Size Issue,293832.84,2025-07-11 22:46:54.517637,2025-07-11 22:46:54.517637
234,1939,2026-07-28 13:19:28.709222,Wrong Item,168389.41,2026-07-28 13:19:28.709222,2026-07-28 13:19:28.709222
235,5043,2026-01-02 08:37:06.226051,Damaged Product,103804.88,2026-01-02 08:37:06.226051,2026-01-02 08:37:06.226051
236,956,2025-08-04 06:03:29.161062,Changed Mind,39817.25,2025-08-04 06:03:29.161062,2025-08-04 06:03:29.161062
237,1291,2024-11-17 04:11:11.904176,Defective,222954.26,2024-11-17 04:11:11.904176,2024-11-17 04:11:11.904176
238,8428,2026-07-26 16:47:31.867630,Wrong Item,40672.48,2026-07-26 16:47:31.867630,2026-07-26 16:47:31.867630
239,7322,2025-04-15 10:55:31.549000,Wrong Item,169362.63,2025-04-15 10:55:31.549000,2025-04-15 10:55:31.549000
240,4771,2025-04-30 15:19:47.730447,Wrong Item,672891.93,2025-04-30 15:19:47.730447,2025-04-30 15:19:47.730447
241,5771,2026-06-01 22:16:42.118610,Wrong Item,223335.32,2026-06-01 22:16:42.118610,2026-06-01 22:16:42.118610
242,8559,2026-02-18 07:32:15.189485,Defective,104487.67,2026-02-18 07:32:15.189485,2026-02-18 07:32:15.189485
243,165,2026-03-04 00:30:10.978725,Wrong Item,130583.31,2026-03-04 00:30:10.978725,2026-03-04 00:30:10.978725
244,2217,2025-03-21 23:51:11.705728,Size Issue,139531.59,2025-03-21 23:51:11.705728,2025-03-21 23:51:11.705728
245,5209,2025-11-10 15:53:52.514354,Defective,166065.2,2025-11-10 15:53:52.514354,2025-11-10 15:53:52.514354
246,9366,2025-11-16 12:13:52.612576,Wrong Item,507568.83,2025-11-16 12:13:52.612576,2025-11-16 12:13:52.612576
247,1590,2025-02-15 03:20:37.178591,Wrong Item,20394.27,2025-02-15 03:20:37.178591,2025-02-15 03:20:37.178591
248,447,2025-02-05 16:42:13.283405,Damaged Product,264125.73,2025-02-05 16:42:13.283405,2025-02-05 16:42:13.283405
249,995,2025-01-06 17:09:40.213003,Damaged Product,484217.02,2025-01-06 17:09:40.213003,2025-01-06 17:09:40.213003
250,6776,2024-10-13 14:35:10.429058,Defective,115154.24,2024-10-13 14:35:10.429058,2024-10-13 14:35:10.429058
251,8683,2025-11-05 18:13:10.326050,Wrong Item,242668.34,2025-11-05 18:13:10.326050,2025-11-05 18:13:10.326050
252,48,2024-09-23 09:50:20.103446,Defective,139153.37,2024-09-23 09:50:20.103446,2024-09-23 09:50:20.103446
253,2600,2026-03-17 13:16:52.051032,Size Issue,195753.55,2026-03-17 13:16:52.051032,2026-03-17 13:16:52.051032
254,930,2026-04-25 09:39:04.425361,Wrong Item,213027.61,2026-04-25 09:39:04.425361,2026-04-25 09:39:04.425361
255,9692,2024-10-24 00:17:51.756910,Damaged Product,226238.51,2024-10-24 00:17:51.756910,2024-10-24 00:17:51.756910
256,701,2025-03-12 23:44:23.487284,Wrong Item,57060.77,2025-03-12 23:44:23.487284,2025-03-12 23:44:23.487284
257,5224,2024-08-03 08:09:44.610322,Size Issue,26427.96,2024-08-03 08:09:44.610322,2024-08-03 08:09:44.610322
258,8895,2025-03-27 04:44:24.652508,Damaged Product,56984.12,2025-03-27 04:44:24.652508,2025-03-27 04:44:24.652508
259,5194,2026-07-09 03:50:55.152759,Size Issue,201069.15,2026-07-09 03:50:55.152759,2026-07-09 03:50:55.152759
260,7128,2025-04-20 19:13:40.485156,Changed Mind,11428.55,2025-04-20 19:13:40.485156,2025-04-20 19:13:40.485156
261,1308,2025-08-14 05:01:51.080255,Changed Mind,152939.25,2025-08-14 05:01:51.080255,2025-08-14 05:01:51.080255
262,2974,2024-09-17 07:12:42.503429,Damaged Product,91812.75,2024-09-17 07:12:42.503429,2024-09-17 07:12:42.503429
263,3619,2026-02-07 23:42:36.815098,Size Issue,171329.11,2026-02-07 23:42:36.815098,2026-02-07 23:42:36.815098
264,9696,2026-03-19 06:57:37.104578,Changed Mind,94536.42,2026-03-19 06:57:37.104578,2026-03-19 06:57:37.104578
265,8306,2024-10-21 17:27:54.343211,Damaged Product,65599.94,2024-10-21 17:27:54.343211,2024-10-21 17:27:54.343211
266,7875,2025-10-17 02:47:51.165732,Changed Mind,101397.07,2025-10-17 02:47:51.165732,2025-10-17 02:47:51.165732
267,124,2025-01-22 08:37:45.187213,Size Issue,179004.44,2025-01-22 08:37:45.187213,2025-01-22 08:37:45.187213
268,8711,2025-11-13 09:22:36.770681,Size Issue,38862.61,2025-11-13 09:22:36.770681,2025-11-13 09:22:36.770681
269,3819,2025-05-28 03:07:25.006918,Changed Mind,60535.25,2025-05-28 03:07:25.006918,2025-05-28 03:07:25.006918
270,8254,2024-11-16 19:07:39.604657,Damaged Product,75508.08,2024-11-16 19:07:39.604657,2024-11-16 19:07:39.604657
271,9808,2025-06-03 06:38:58.904898,Changed Mind,209702.37,2025-06-03 06:38:58.904898,2025-06-03 06:38:58.904898
272,3113,2025-07-25 08:47:20.810443,Size Issue,155508.86,2025-07-25 08:47:20.810443,2025-07-25 08:47:20.810443
273,9357,2025-12-28 16:36:56.404459,Defective,167871.16,2025-12-28 16:36:56.404459,2025-12-28 16:36:56.404459
274,7201,2025-12-11 18:30:00.621832,Changed Mind,384978.26,2025-12-11 18:30:00.621832,2025-12-11 18:30:00.621832
275,9251,2025-11-10 22:42:36.089022,Changed Mind,168156.84,2025-11-10 22:42:36.089022,2025-11-10 22:42:36.089022
276,9082,2025-04-19 12:20:39.360439,Wrong Item,142871.66,2025-04-19 12:20:39.360439,2025-04-19 12:20:39.360439
277,9983,2026-01-09 10:28:57.148694,Defective,357725.77,2026-01-09 10:28:57.148694,2026-01-09 10:28:57.148694
278,1749,2026-04-23 02:16:45.311495,Size Issue,266618.65,2026-04-23 02:16:45.311495,2026-04-23 02:16:45.311495
279,2664,2026-02-23 16:51:56.425433,Size Issue,180545.76,2026-02-23 16:51:56.425433,2026-02-23 16:51:56.425433
280,317,2025-02-27 17:29:56.735180,Damaged Product,100232.87,2025-02-27 17:29:56.735180,2025-02-27 17:29:56.735180
281,5265,2025-01-20 12:41:00.545038,Size Issue,124539.86,2025-01-20 12:41:00.545038,2025-01-20 12:41:00.545038
282,1251,2026-02-10 05:53:27.942149,Size Issue,278026.33,2026-02-10 05:53:27.942149,2026-02-10 05:53:27.942149
283,3083,2025-11-18 07:26:27.033190,Defective,476798.81,2025-11-18 07:26:27.033190,2025-11-18 07:26:27.033190
284,1490,2024-11-30 15:25:23.776304,Defective,167194.56,2024-11-30 15:25:23.776304,2024-11-30 15:25:23.776304
285,3365,2024-12-20 17:51:26.249842,Size Issue,138338.88,2024-12-20 17:51:26.249842,2024-12-20 17:51:26.249842
286,8938,2026-01-29 10:51:09.431082,Wrong Item,30846.17,2026-01-29 10:51:09.431082,2026-01-29 10:51:09.431082
287,3912,2026-01-19 00:50:35.382989,Defective,102488.18,2026-01-19 00:50:35.382989,2026-01-19 00:50:35.382989
288,8122,2025-09-23 08:19:07.615039,Defective,68622.77,2025-09-23 08:19:07.615039,2025-09-23 08:19:07.615039
289,407,2024-12-20 19:27:52.305697,Wrong Item,178240.4,2024-12-20 19:27:52.305697,2024-12-20 19:27:52.305697
290,7963,2026-07-16 15:19:44.119568,Changed Mind,190352.51,2026-07-16 15:19:44.119568,2026-07-16 15:19:44.119568
291,2539,2026-06-24 11:47:12.101107,Defective,250147.36,2026-06-24 11:47:12.101107,2026-06-24 11:47:12.101107
292,9285,2026-02-16 14:23:42.800667,Damaged Product,75168.23,2026-02-16 14:23:42.800667,2026-02-16 14:23:42.800667
293,5741,2024-10-13 04:23:42.614403,Size Issue,26813.14,2024-10-13 04:23:42.614403,2024-10-13 04:23:42.614403
294,576,2024-11-20 23:44:11.133595,Defective,407463.4,2024-11-20 23:44:11.133595,2024-11-20 23:44:11.133595
295,1610,2025-05-09 00:17:18.915593,Changed Mind,325210.82,2025-05-09 00:17:18.915593,2025-05-09 00:17:18.915593
296,4753,2025-06-26 08:49:46.633701,Size Issue,44330.34,2025-06-26 08:49:46.633701,2025-06-26 08:49:46.633701
297,8474,2025-07-28 09:52:55.300226,Defective,193089.9,2025-07-28 09:52:55.300226,2025-07-28 09:52:55.300226
298,1885,2025-08-27 16:33:40.039483,Wrong Item,263677.24,2025-08-27 16:33:40.039483,2025-08-27 16:33:40.039483
299,195,2026-06-20 22:06:22.202447,Defective,313040.43,2026-06-20 22:06:22.202447,2026-06-20 22:06:22.202447
300,5449,2026-03-10 05:18:03.126549,Wrong Item,351260.52,2026-03-10 05:18:03.126549,2026-03-10 05:18:03.126549
301,5140,2025-10-21 02:30:12.128122,Damaged Product,129174.71,2025-10-21 02:30:12.128122,2025-10-21 02:30:12.128122
302,6326,2026-01-28 20:41:59.993683,Changed Mind,464320.13,2026-01-28 20:41:59.993683,2026-01-28 20:41:59.993683
303,3629,2026-01-03 10:19:31.485441,Changed Mind,66570.77,2026-01-03 10:19:31.485441,2026-01-03 10:19:31.485441
304,7435,2026-02-19 07:56:51.232094,Damaged Product,114355.82,2026-02-19 07:56:51.232094,2026-02-19 07:56:51.232094
305,2821,2025-07-20 13:16:47.483758,Wrong Item,228533.82,2025-07-20 13:16:47.483758,2025-07-20 13:16:47.483758
306,1238,2024-12-04 06:00:42.180609,Size Issue,161741.11,2024-12-04 06:00:42.180609,2024-12-04 06:00:42.180609
307,2206,2026-06-24 03:52:05.581858,Wrong Item,111849.75,2026-06-24 03:52:05.581858,2026-06-24 03:52:05.581858
308,8897,2026-02-21 21:31:29.664376,Damaged Product,192517.59,2026-02-21 21:31:29.664376,2026-02-21 21:31:29.664376
309,1823,2025-01-15 13:30:41.205134,Wrong Item,203095.09,2025-01-15 13:30:41.205134,2025-01-15 13:30:41.205134
310,6773,2025-01-09 14:47:50.539151,Changed Mind,416331.21,2025-01-09 14:47:50.539151,2025-01-09 14:47:50.539151
311,5392,2025-02-08 20:14:29.820261,Damaged Product,145409.38,2025-02-08 20:14:29.820261,2025-02-08 20:14:29.820261
312,5309,2025-09-18 22:53:11.817850,Defective,257968.39,2025-09-18 22:53:11.817850,2025-09-18 22:53:11.817850
313,2797,2025-09-17 06:10:49.265717,Changed Mind,106982.23,2025-09-17 06:10:49.265717,2025-09-17 06:10:49.265717
314,1637,2024-10-30 11:09:24.878271,Defective,97025.45,2024-10-30 11:09:24.878271,2024-10-30 11:09:24.878271
315,3315,2024-09-30 05:15:48.322532,Defective,19333.0,2024-09-30 05:15:48.322532,2024-09-30 05:15:48.322532
316,7258,2025-05-28 04:36:31.759978,Wrong Item,39699.65,2025-05-28 04:36:31.759978,2025-05-28 04:36:31.759978
317,6533,2026-03-08 17:42:56.665476,Damaged Product,294953.19,2026-03-08 17:42:56.665476,2026-03-08 17:42:56.665476
318,5683,2026-05-03 04:01:53.013345,Damaged Product,122940.55,2026-05-03 04:01:53.013345,2026-05-03 04:01:53.013345
319,7401,2025-05-18 09:50:07.450952,Defective,76646.42,2025-05-18 09:50:07.450952,2025-05-18 09:50:07.450952
320,3904,2026-05-05 17:23:14.535131,Wrong Item,20606.07,2026-05-05 17:23:14.535131,2026-05-05 17:23:14.535131
321,4743,2026-06-20 08:28:33.800503,Changed Mind,299650.1,2026-06-20 08:28:33.800503,2026-06-20 08:28:33.800503
322,8680,2025-11-23 03:17:18.319298,Damaged Product,215740.84,2025-11-23 03:17:18.319298,2025-11-23 03:17:18.319298
323,3596,2026-01-24 23:06:08.139678,Wrong Item,280509.65,2026-01-24 23:06:08.139678,2026-01-24 23:06:08.139678
324,4225,2026-01-12 16:24:47.770147,Damaged Product,236509.55,2026-01-12 16:24:47.770147,2026-01-12 16:24:47.770147
325,3169,2024-10-23 22:57:22.046389,Wrong Item,95848.3,2024-10-23 22:57:22.046389,2024-10-23 22:57:22.046389
326,9275,2024-12-06 17:59:51.162042,Defective,3631.77,2024-12-06 17:59:51.162042,2024-12-06 17:59:51.162042
327,2640,2025-07-26 12:42:57.200985,Changed Mind,290351.3,2025-07-26 12:42:57.200985,2025-07-26 12:42:57.200985
328,7774,2025-11-11 13:19:19.360508,Changed Mind,122752.98,2025-11-11 13:19:19.360508,2025-11-11 13:19:19.360508
329,1007,2026-06-18 19:32:33.512507,Defective,239650.25,2026-06-18 19:32:33.512507,2026-06-18 19:32:33.512507
330,4558,2025-07-15 19:41:32.020733,Changed Mind,164184.17,2025-07-15 19:41:32.020733,2025-07-15 19:41:32.020733
331,2675,2024-09-30 06:37:49.102999,Changed Mind,259466.25,2024-09-30 06:37:49.102999,2024-09-30 06:37:49.102999
332,2214,2025-07-04 15:13:59.852412,Wrong Item,173026.17,2025-07-04 15:13:59.852412,2025-07-04 15:13:59.852412
333,730,2026-02-07 06:26:11.312729,Defective,103245.43,2026-02-07 06:26:11.312729,2026-02-07 06:26:11.312729
334,9198,2024-09-16 14:54:21.231424,Size Issue,279952.61,2024-09-16 14:54:21.231424,2024-09-16 14:54:21.231424
335,3220,2026-06-25 00:24:57.368001,Wrong Item,81557.92,2026-06-25 00:24:57.368001,2026-06-25 00:24:57.368001
336,7010,2026-04-02 03:45:18.304315,Size Issue,100379.74,2026-04-02 03:45:18.304315,2026-04-02 03:45:18.304315
337,9697,2025-08-03 04:56:58.157355,Changed Mind,173773.12,2025-08-03 04:56:58.157355,2025-08-03 04:56:58.157355
338,7621,2025-03-29 12:31:20.347618,Wrong Item,42709.02,2025-03-29 12:31:20.347618,2025-03-29 12:31:20.347618
339,4044,2025-03-07 03:11:43.809208,Defective,224865.92,2025-03-07 03:11:43.809208,2025-03-07 03:11:43.809208
340,2994,2025-10-28 17:49:36.958818,Size Issue,115784.75,2025-10-28 17:49:36.958818,2025-10-28 17:49:36.958818
341,5363,2026-04-28 21:24:57.862932,Size Issue,114534.88,2026-04-28 21:24:57.862932,2026-04-28 21:24:57.862932
342,5279,2026-02-07 21:53:12.972156,Size Issue,78614.02,2026-02-07 21:53:12.972156,2026-02-07 21:53:12.972156
343,8252,2026-03-11 03:32:58.160086,Changed Mind,527450.1,2026-03-11 03:32:58.160086,2026-03-11 03:32:58.160086
344,6233,2026-03-13 09:36:20.988828,Wrong Item,43235.24,2026-03-13 09:36:20.988828,2026-03-13 09:36:20.988828
345,9888,2025-04-11 01:24:29.825845,Wrong Item,303246.12,2025-04-11 01:24:29.825845,2025-04-11 01:24:29.825845
346,8936,2025-03-30 08:38:55.573436,Wrong Item,74489.86,2025-03-30 08:38:55.573436,2025-03-30 08:38:55.573436
347,8969,2025-03-16 08:27:45.621531,Wrong Item,27033.84,2025-03-16 08:27:45.621531,2025-03-16 08:27:45.621531
348,6151,2025-06-19 04:32:58.545505,Defective,37902.56,2025-06-19 04:32:58.545505,2025-06-19 04:32:58.545505
349,9687,2026-01-04 19:10:08.522462,Size Issue,197067.34,2026-01-04 19:10:08.522462,2026-01-04 19:10:08.522462
350,921,2025-02-26 20:53:59.877868,Defective,163350.29,2025-02-26 20:53:59.877868,2025-02-26 20:53:59.877868
351,871,2024-11-19 14:55:18.469240,Damaged Product,67121.91,2024-11-19 14:55:18.469240,2024-11-19 14:55:18.469240
352,1743,2025-01-26 14:02:03.204354,Defective,111439.49,2025-01-26 14:02:03.204354,2025-01-26 14:02:03.204354
353,8521,2026-07-25 12:49:14.382038,Changed Mind,158258.35,2026-07-25 12:49:14.382038,2026-07-25 12:49:14.382038
354,849,2024-11-14 02:33:27.326135,Damaged Product,140437.29,2024-11-14 02:33:27.326135,2024-11-14 02:33:27.326135
355,2248,2025-03-11 23:41:34.224489,Changed Mind,61414.79,2025-03-11 23:41:34.224489,2025-03-11 23:41:34.224489
356,6529,2026-01-08 21:46:51.774533,Defective,28743.96,2026-01-08 21:46:51.774533,2026-01-08 21:46:51.774533
357,5287,2025-02-04 01:09:20.419676,Size Issue,151473.55,2025-02-04 01:09:20.419676,2025-02-04 01:09:20.419676
358,3939,2025-02-23 10:46:17.634257,Defective,135940.21,2025-02-23 10:46:17.634257,2025-02-23 10:46:17.634257
359,8810,2025-08-12 09:12:07.459690,Defective,63756.12,2025-08-12 09:12:07.459690,2025-08-12 09:12:07.459690
360,6584,2026-06-09 11:49:57.482632,Changed Mind,308139.65,2026-06-09 11:49:57.482632,2026-06-09 11:49:57.482632
361,7805,2025-09-12 07:27:51.629402,Changed Mind,92166.72,2025-09-12 07:27:51.629402,2025-09-12 07:27:51.629402
362,4299,2025-03-01 22:40:25.510315,Wrong Item,264916.25,2025-03-01 22:40:25.510315,2025-03-01 22:40:25.510315
363,8101,2025-09-26 13:52:43.102607,Wrong Item,310924.78,2025-09-26 13:52:43.102607,2025-09-26 13:52:43.102607
364,4862,2024-12-20 17:01:56.083234,Defective,233395.41,2024-12-20 17:01:56.083234,2024-12-20 17:01:56.083234
365,3924,2025-01-25 23:05:40.451328,Damaged Product,151552.29,2025-01-25 23:05:40.451328,2025-01-25 23:05:40.451328
366,1250,2026-01-02 15:56:04.873155,Size Issue,272653.08,2026-01-02 15:56:04.873155,2026-01-02 15:56:04.873155
367,4819,2025-03-15 12:14:32.923823,Defective,256554.52,2025-03-15 12:14:32.923823,2025-03-15 12:14:32.923823
368,3928,2025-05-11 16:07:46.965620,Wrong Item,205444.37,2025-05-11 16:07:46.965620,2025-05-11 16:07:46.965620
369,9559,2026-04-03 07:27:56.458231,Defective,215144.62,2026-04-03 07:27:56.458231,2026-04-03 07:27:56.458231
370,1484,2026-07-15 01:14:35.590188,Wrong Item,57829.09,2026-07-15 01:14:35.590188,2026-07-15 01:14:35.590188
371,4957,2025-10-24 23:42:08.278693,Changed Mind,131049.3,2025-10-24 23:42:08.278693,2025-10-24 23:42:08.278693
372,9885,2024-07-31 02:22:06.288234,Defective,131687.41,2024-07-31 02:22:06.288234,2024-07-31 02:22:06.288234
373,1336,2025-03-17 22:25:35.786160,Changed Mind,257947.46,2025-03-17 22:25:35.786160,2025-03-17 22:25:35.786160
374,3175,2026-03-14 23:20:50.611004,Damaged Product,113500.07,2026-03-14 23:20:50.611004,2026-03-14 23:20:50.611004
375,1909,2024-12-06 11:34:58.093988,Defective,13660.85,2024-12-06 11:34:58.093988,2024-12-06 11:34:58.093988
376,8005,2026-03-26 09:33:32.726118,Defective,252907.25,2026-03-26 09:33:32.726118,2026-03-26 09:33:32.726118
377,6110,2026-07-17 23:47:57.542252,Damaged Product,456369.38,2026-07-17 23:47:57.542252,2026-07-17 23:47:57.542252
378,8954,2025-08-23 11:31:58.798369,Defective,152197.83,2025-08-23 11:31:58.798369,2025-08-23 11:31:58.798369
379,1811,2025-02-24 20:51:13.573970,Wrong Item,135895.67,2025-02-24 20:51:13.573970,2025-02-24 20:51:13.573970
380,3962,2026-06-06 05:12:26.816205,Size Issue,31596.69,2026-06-06 05:12:26.816205,2026-06-06 05:12:26.816205
381,8710,2026-02-14 23:59:23.521165,Defective,49638.38,2026-02-14 23:59:23.521165,2026-02-14 23:59:23.521165
382,8600,2024-09-04 18:42:26.144583,Defective,182345.33,2024-09-04 18:42:26.144583,2024-09-04 18:42:26.144583
383,1393,2026-03-06 23:38:16.072394,Damaged Product,138009.42,2026-03-06 23:38:16.072394,2026-03-06 23:38:16.072394
384,9384,2026-05-31 09:03:02.430111,Damaged Product,91813.38,2026-05-31 09:03:02.430111,2026-05-31 09:03:02.430111
385,2867,2025-03-10 01:45:26.908967,Changed Mind,5096.21,2025-03-10 01:45:26.908967,2025-03-10 01:45:26.908967
386,3736,2025-04-28 06:26:38.954620,Size Issue,232044.88,2025-04-28 06:26:38.954620,2025-04-28 06:26:38.954620
387,8668,2025-06-16 03:04:06.413077,Damaged Product,93906.69,2025-06-16 03:04:06.413077,2025-06-16 03:04:06.413077
388,5973,2026-07-29 16:31:54.407135,Damaged Product,69854.71,2026-07-29 16:31:54.407135,2026-07-29 16:31:54.407135
389,4555,2024-08-29 21:14:45.315389,Damaged Product,26426.34,2024-08-29 21:14:45.315389,2024-08-29 21:14:45.315389
390,7617,2026-02-27 20:08:54.361385,Wrong Item,253214.2,2026-02-27 20:08:54.361385,2026-02-27 20:08:54.361385
391,5610,2025-08-04 11:16:48.212828,Damaged Product,294259.47,2025-08-04 11:16:48.212828,2025-08-04 11:16:48.212828
392,6803,2025-01-29 07:04:13.924322,Wrong Item,206403.48,2025-01-29 07:04:13.924322,2025-01-29 07:04:13.924322
393,6322,2025-07-21 15:41:33.077211,Wrong Item,190857.4,2025-07-21 15:41:33.077211,2025-07-21 15:41:33.077211
394,9474,2024-09-14 03:42:09.809861,Damaged Product,154378.96,2024-09-14 03:42:09.809861,2024-09-14 03:42:09.809861
395,8522,2025-10-27 12:32:11.955978,Wrong Item,402212.45,2025-10-27 12:32:11.955978,2025-10-27 12:32:11.955978
396,504,2024-12-18 15:44:03.373314,Size Issue,267650.91,2024-12-18 15:44:03.373314,2024-12-18 15:44:03.373314
397,3030,2024-11-06 13:34:32.466371,Size Issue,10414.16,2024-11-06 13:34:32.466371,2024-11-06 13:34:32.466371
398,288,2025-02-10 07:03:23.762089,Changed Mind,150027.82,2025-02-10 07:03:23.762089,2025-02-10 07:03:23.762089
399,7437,2025-06-18 00:49:17.175210,Damaged Product,337994.61,2025-06-18 00:49:17.175210,2025-06-18 00:49:17.175210
